Referencia,Solicitante,Género Solicitante,DNI,Nº Petición,Centro de Investigación,CIF,Nota,Descripción,Rama,Cantidad Total,Año Inicio,Año1,Año2,Año3,Año4,Año5,Estado Solicitud
,"GUERRERO ARROYO, CARMEN",,***9827**,,UNIVERSIDAD DE SALAMANCA,Q3718001E,7.65,PROTEÍNA C3G EN PLAQUETAS: PAPEL EN NEOANGIOGÉNESIS INDUCIDA POR ISQUEMIA Y CRECIMIENTO TUMORAL Y DESARROLLO DE BIOMOLÉCULAS MODULADORAS.,,,,,,,,,Suplente
,"SANTOS BUELGA, CELESTINO",,***7196**,,UNIVERSIDAD DE SALAMANCA,Q3718001E,7.6,FUNCIONALIDAD DE COMPUESTOS FENÓLICOS DERIVADOS DE SUBPRODUCTOS AGROALIMENTARIOS,,,,,,,,,Suplente
,"TABERNERO URBIETA, ARÁNZAZU",,***3000**,,UNIVERSIDAD DE SALAMANCA,Q3718001E,7.6,ESTUDIO DEL MECANISMO ANTITUMORAL DE PÉPTIDOS PENETRANTES BASADOS EN LA CONEXINA-43 EN MODELOS DE GLIOMA IN VITRO E IN VIVO,,,,,,,,,Suplente
,"MARTÍN DEL VALLE, EVA",,***3059**,,UNIVERSIDAD DE SALAMANCA,Q3718001E,7.55,INTENSIFICACIÓN EN LA PRODUCCIÓN DE NANOPARTÍCULAS TERAPÉUTICAS Y SU VALIDACIÓN EN CÁNCER DE MAMA HER2+ MEDIANTE PLATAFORMAS 3D,,,,,,,,,Suplente
,"FERNÁNDEZ SOTO, PEDRO",,***0917**,,UNIVERSIDAD DE SALAMANCA,Q3718001E,7.55,TECNOLOGÍA LAMP (LOOP-MEDIATED ISOTHERMAL AMPLIFICATION) PARA LA DETECCIÓN DEL VIRUS DE LA FIEBRE HEMORRÁGICA CRIMEA-CONGO EN LA COMUNIDAD DE CASTILLA Y LEÓN,,,,,,,,,Suplente
,"CASASECA DE LA HIGUERA, JUAN PABLO",,***1897**,,UNIVERSIDAD DE VALLADOLID,Q4718001C,7.54,SMARTRESP: MONITORIZACIÓN INTELIGENTE Y CONTINUA DE PACIENTES RESPIRATORIOS UTILIZANDO SMARTPHONES,,,,,,,,,Suplente
,"FUENTES GARCÍA, MANUEL",,***4069**,,UNIVERSIDAD DE SALAMANCA,Q3718001E,7.5,INMUNOPROTEOGENÓMICA PARA LA IDENTIFICACIÓN Y VALIDACIÓN DE BIOMARCADORES ÚTILES EN EL DIAGNÓSTICO Y PRONÓSTICO DE LA LEUCEMIA LINFOCÍTICA CRÓNICA CÉLULA B,,,,,,,,,Suplente
,"ALEGRE CALDERÓN, JESÚS MANUEL",,***6764**,,UNIVERSIDAD DE BURGOS,Q0968272E,7.5,"APLICACIÓN DE ALTA PRESIÓN HIDROSTÁTICA PARA LA MEJORA DE PROPIEDADES MECÁNICAS, DE FRACTURA Y FATIGA EN COMPONENTES REALIZADOS MEDIANTE FABRICACIÓN ADITIVA PARA EL SECTOR DE LA AUTOMOCIÓN",,,,,,,,,Suplente
,"GONZÁLEZ GALLEGO, JAVIER",,***6087**,,UNIVERSIDAD DE LEÓN,Q2432001B,7.5,PAPEL DE LA MODULACIÓN DE LA MICROBIOTA INTESTINAL EN LOS EFECTOS BENEFICIOSOS DE LA MELATONINA Y EL EJERCICIO FÍSICO SOBRE LA FIBROSIS HEPÁTICA,,,,,,,,,Suplente
,"ALONSO HERNÁNDEZ, JOSÉ LUIS",,***1309**,,UNIVERSIDAD DE VALLADOLID,Q4718001C,7.45,EDULCORANTES ARTIFICIALES: SU ESTRUCTURA Y EL DULZOR,,,,,,,,,Suplente
,"RODRÍGUEZ BARBOSA, JOSÉ IGNACIO",,***0742**,,UNIVERSIDAD DE LEÓN,Q2432001B,7.4,CD160 IMMUNE CHECKPOINT EN UN MODELO PRECLÍNICO DE LEUCEMIA LINFOCÍTICA CRÓNICA,,,,,,,,,Suplente
,"HÉRNANDEZ HERNÁNDEZ, ÁNGEL",,***5380**,,UNIVERSIDAD DE SALAMANCA,Q3718001E,7.35,NADPH OXIDASAS Y SEÑALIZACIÓN REDOX EN HEMATOPOYESIS Y LEUCEMOGÉNESIS,,,,,,,,,Suplente
,"VIDAL FERNÁNDEZ, Mª BEGOÑA",,***6315**,,UNIVERSIDAD DE VALLADOLID,Q4718001C,7.35,EL DERECHO A LA INFORMACIÓN DE LAS PERSONAS DETENIDAS EN CASTILLA Y LEÓN,,,,,,,,,Suplente
,"QUESADA PATO, ROBERTO",,***0226**,,UNIVERSIDAD DE BURGOS,Q0968272E,7.3,IDENTIFICACIÓN DE NUEVOS INHIBIDORES DE SURVIVINA PARA EL TRATAMIENTO DEL CÁNCER,,,,,,,,,Suplente
,"CAPITA GONZÁLEZ, ROSA MARÍA",,***3157**,,UNIVERSIDAD DE LEÓN,Q2432001B,7.3,IMPACTO DE ALGUNOS BIOCIDAS EN LA EMERGENCIA DE RESISTENCIA A ANTIBIÓTICOS Y EN LOS PARÁMETROS ESTRUCTURALES DE LOS BIOFILMS DE BACTERIAS PATÓGENAS DE INTERÉS EN LA INDUSTRIA ALIMENTARIA,,,,,,,,,Suplente
,"DÍAZ GARCÍA CONLLEDO, MIGUEL",,***2995**,,UNIVERSIDAD DE LEÓN,Q2432001B,7.3,LOS MENORES ANTE EL DERECHO PENAL: ESPECIAL ATENCIÓN A LA CIBERDELINCUENCIA RELACIONADA CON MENORES Y EN CASTILLA Y LEÓN,,,,,,,,,Suplente
,"MIGUEL SAN JOSÉ, DANIEL",,***7824**,,UNIVERSIDAD DE VALLADOLID,Q4718001C,7.25,SÍNTESIS DE MESO-PORFIRINAS Y CLORINAS COMO FOTOSENSIBILIZADORES CON INTERÉS FARMACOLÓGICO EN TERAPIA FOTODINÁMICA PARA EL TRATAMIENTO DE PROCESOS CANCERÍGENOS.,,,,,,,,,Suplente
,"GARCÍA SERNA, JUAN",,***5123**,,UNIVERSIDAD DE VALLADOLID,Q4718001C,7.22,BIOREFINAPLUS. SIMULACIÓN DE PROCESOS DE FRACCIONAMIENTO HIDROTERMAL Y PURIFICACIÓN POR MEMBRANAS EN UNA BIOREFINERÍA ORIENTADA A HEMICELULOSAS,,,,,,,,,Suplente
,"CELMA VALERO, MARÍA PILAR",,***3872**,,UNIVERSIDAD DE VALLADOLID,Q4718001C,7.2,DESARROLLO DE RECURSOS (LITERARIOS Y LINGÜÍSTICOS) PARA EL ANÁLISIS ASISTIDO POR ORDENADOR DE TEXTOS EN ESPAÑOL: RETOS Y APLICABILIDAD (DRATE).,,,,,,,,,Suplente
,"TABERNERO URBIETA, MARÍA DEL CARMEN",,***9351**,,UNIVERSIDAD DE SALAMANCA,Q3718001E,7.05,VARIABLES MOTIVACIONALES DETERMINANTES DE LA SALUD CARDIOVASCULAR EN HOMBRES Y MUJERES. INTERVENCIONES E-HEALTH BASADAS EN EVIDENCIAS SOBRE AUTORREGULACIÓN COGNITIVA Y EMOCIONAL,,,,,,,,,Suplente
,"ANTÓN PÉREZ, JOSÉ IGNACIO",,***6245**,,UNIVERSIDAD DE SALAMANCA,Q3718001E,7.05,"DIFERENCIALES SALARIALES POR RAZÓN DE ORIENTACIÓN SEXUAL EN ESPAÑA, AMÉRICA LATINA Y EL CARIBE.",,,,,,,,,Suplente
,"GONZÁLEZ BENITO, JAVIER",,***1936**,,UNIVERSIDAD DE SALAMANCA,Q3718001E,7.05,IDENTIFICACIÓN Y ANÁLISIS DE ELEMENTOS CLAVE PARA LA COMPETITIVIDAD DE LAS EMPRESAS DE CASTILLA Y LEÓN,,,,,,,,,Suplente
,"MARTÍNEZ FERNÁNDEZ, JOSÉ",,***2086**,,UNIVERSIDAD DE SALAMANCA,Q3718001E,7.05,ESTRÉS HÍDRICO Y RENDIMIENTO AGRÍCOLA: ANÁLISIS A PARTIR DE LA VARIABILIDAD DEL CONTENIDO DE AGUA DEL SUELO MEDIDO MEDIANTE SATÉLITE.,,,,,,,,,Suplente
,"DÍAZ MÍNGUEZ, JOSÉ MARÍA",,***3830**,,UNIVERSIDAD DE SALAMANCA,Q3718001E,7.0,GENÓMICA Y TRANSCRIPTÓMICA COMPARADAS DE HONGOS PATÓGENOS Y ENDÓFITOS RELEVANTES EN CULTIVOS DE CASTILLA Y LEÓN,,,,,,,,,Suplente
,"DÍEZ MARTÍN, DAVID",,***8395**,,UNIVERSIDAD DE SALAMANCA,Q3718001E,6.9,"NUEVAS SÍNTESIS DE CITOTÓXICOS, ANALGÉSICOS, FOTOPROTECTORES Y NEUROTRÓPICOS",,,,,,,,,Suplente
,"QUINTANA ARNÉS, BEGOÑA",,***9801**,,UNIVERSIDAD DE SALAMANCA,Q3718001E,6.85,"INVESTIGACIÓN, DESARROLLO E INNOVACIÓN EN DETECTORES DE GERMANIO HIPERPURO DE ÚLTIMA GENERACIÓN Y SU APLICACIÓN A EXPERIMENTACIÓN EN LA FRONTERA DEL CONOCIMIENTO",,,,,,,,,Suplente
,"CASADO YUSTA, SILVIA",,***2178**,,UNIVERSIDAD DE BURGOS,Q0968272E,6.8,MÉTODOS HEURÍSTICOS PARA PROBLEMAS DE OPTIMIZACIÓN DE RECURSOS SANITARIOS CON VARIOS OBJETIVOS,,,,,,,,,Suplente
,"ASENSIO SEVILLA, MARÍA ISABEL",,***1048**,,UNIVERSIDAD DE SALAMANCA,Q3718001E,6.5,NUEVOS RETOS CIENTÍFICOS Y TECNOLÓGICOS DE PROBLEMAS MEDIOAMBIENTALES RELACIONADOS CON EL CAMBIO CLIMÁTICO,,,,,,,,,Suplente
,"VERDUGO ALONSO, MIGUEL ÁNGEL",,***9125**,,UNIVERSIDAD DE SALAMANCA,Q3718001E,6.5,EVALUACIÓN LONGITUDINAL DE LA CALIDAD DE VIDA EN PERSONAS CON DAÑO CEREBRAL,,,,,,,,,Suplente
,"SÁNCHEZ NAVARRO, AMPARO",,***9842**,,UNIVERSIDAD DE SALAMANCA,Q3718001E,6.4,LIPOSOMAS POR VÍA PULMONAR PARA LA VECTORIZACIÓN Y LIBERACIÓN CONTROLADA DE FÁRMACOS: APLICACIÓN AL CITRATO DE SILDENAFILO,,,,,,,,,Suplente
,"CALDERÓN CARPINTERO, VERÓNICA",,***2696**,,UNIVERSIDAD DE BURGOS,Q0968272E,6.3,MORTEROS ALIGERADOS CON RESIDUOS DE POLIURETANO CON PROPIEDADES ESTRUCTURALES PARA UNA CONSTRUCCIÓN SOSTENIBLE Y ENERGÉTICAMENTE EFICIENTE,,,,,,,,,Suplente
,"ALONSO TRISTÁN, CRISTINA",,***3247**,,UNIVERSIDAD DE BURGOS,Q0968272E,6.2,PROPUESTAS TECNOLÓGICAS DE ALMACENAMIENTO TÉRMICO PARA ENERGÍAS RENOVABLES: NUEVOS MATERIALES Y APLICACIONES,,,,,,,,,Suplente
,"NIETO ANTOLÍN, MARIANO JUAN",,***1524**,,UNIVERSIDAD DE LEÓN,Q2432001B,6.15,LA SOSTENIBILIDAD Y LA INNOVACIÓN COMO BASE PARA EL CRECIMIENTO DEL SECTOR AGROALIMENTARIO EN CASTILLA Y LEÓN,,,,,,,,,Suplente
,"ROCHER MARTÍN, M.ª ASUNCIÓN",,***2120**,,UNIVERSIDAD DE VALLADOLID,Q4718001C,5.95,EFECTO DE LA EXPOSICIÓN A HIPOXIA CRÓNICA INTERMITENTE SOBRE MARCADORES TUMORALES Y SU REVERSIÓN EN UN MODELO ANIMAL DE TUMORIGÉNESIS ESPONTÁNEA ASOCIADA A LA APNEA DEL SUEÑO. CHRONIC INTERMITTENT HYPOXIA EFFECT ON TUMOR MARKERS AND ITS REVERSIO,,,,,,,,,Suplente
,"LESARRI GÓMEZ, ALBERTO",,***4774**,,UNIVERSIDAD DE VALLADOLID,Q4718001C,5.9,CARACTERIZACIÓN DE MATERIALES ENERGÉTICOS MEDIANTE ESPECTROSCOPÍA DE RADIOFRECUENCIA Y MICRONDAS,,,,,,,,,Suplente
,"LORENZANA IBÁN, ANTOLÍN",,***1795**,,UNIVERSIDAD DE VALLADOLID,Q4718001C,5.6,"INFRAESTRUCTURAS 4.0: METODOLOGÍA DE CARACTERIZACIÓN, MONITORIZADO Y PROPUESTA DE MEJORA DE ESTRUCTURAS LIGERAS.",,,,,,,,,Suplente
,"ANDRÉS SANZ, MARÍA ADELAIDA",,***8474**,,UNIVERSIDAD DE SALAMANCA,Q3718001E,5.4,LOS LIBROS DEL STUDIUM: LA CULTURA ACADÉMICA DE LOS S. XIII-XVII Y SUS HUELLAS EN EL FONDO ANTIGUO DE LA BIBLIOTECA GENERAL HISTÓRICA DE LA UNIVERSIDAD DE SALAMANCA,,,,,,,,,Suplente
,"MIGUEL JIMÉNEZ, IGNACIO DE",,***2560**,,UNIVERSIDAD DE VALLADOLID,Q4718001C,5.4,REDES DE ACCESO ÓPTICAS RESILIENTES BASADAS EN SDN (ARIES),,,,,,,,,Suplente
,"SÁEZ DEL ÁLAMO, MARÍA CONCEPCIÓN",,***8446**,,UNIVERSIDAD DE SALAMANCA,Q3718001E,5.15,"HISTORIA Y VISIBILIZACIÓN DIGITAL DE LAS MUJERES EN LAS UNIVERSIDADES DE CASTILLA Y LEÓN (DEL FRANQUISMO AL SIGLO XXI), LA GRAN EXPANSION (MUCYL)",,,,,,,,,Suplente
,"BÉCARES MANTECÓN, ELOY",,***8514**,,UNIVERSIDAD DE LEÓN,Q2432001B,5.1,APLICACIÓN DE HERRAMIENTAS MOLECULARES PARA LA GESTION DE ESPACIOS Y ESPECIES ACUÁTICAS VULNERABLES AL CAMBIO CLIMÁTICO Y LA GLOBALIZACIÓN,,,,,,,,,Suplente
,"BRAVO DÍEZ, PEDRO MIGUEL",,***1011**,,UNIVERSIDAD DE BURGOS,Q0968272E,4.8,MEJORA DE LOS MÉTODOS DE CORRELACIÓN PARA LA CARACTERIZACIÓN MECÁNICA DE MATERIALES A TRAVÉS DEL ENSAYO MINIATURA DE PUNZONADO Y SU APLICACIÓN EN LA INDUSTRIA,,,,,,,,,Suplente
,"BUSTO NÚÑEZ, MARÍA DOLORES",,***2002**,,UNIVERSIDAD DE BURGOS,Q0968272E,4.7,DESARROLLO DE NUEVOS BIOFERTILIZANTES PARA EL RECUBRIMIENTO DE SEMILLAS DE CEREAL: INCREMENTO DE LA BIODISPONIBILIDAD VEGETAL DE P Y N Y REDUCCIÓN DEL IMPACTO AMBIENTAL.,,,,,,,,,Suplente
,"FERRERAS RODRÍGUEZ, JOSÉ MIGUEL",,***6669**,,UNIVERSIDAD DE VALLADOLID,Q4718001C,4.7,CARACTERIZACIÓN DE LA ACTIVIDAD ANTIPATOGÉNICA DE LA PROTEÍNA BE27 EN LA DEFENSA DE LA REMOLACHA AZUCARERA: ENSAYOS DE RESISTENCIA A PATÓGENOS EN PLANTAS DE CAMPO Y TRANSGÉNICAS,,,,,,,,,Suplente
,"BAUTISTA PÉREZ, FRANCISCO",,***4612**,,UNIVERSIDAD DE SALAMANCA,Q3718001E,4.6,"MATERIA DE CASTILLA: MEMORIA, TRADICIÓN Y POESÍA EN TORNO AL CONDE FERNÁN GONZÁLEZ (SIGLOS XIII-XV)",,,,,,,,,Suplente
,"TORIBIO RECIO, LAURA",,***4421**,,UNIVERSIDAD DE VALLADOLID,Q4718001C,4.55,"ESTUDIOS ENCAMINADOS AL ESTABLECIMIENTO DE METODOLOGÍAS ANALÍTICAS BASADAS EN EL EMPLEO DE CO2 SUPERCRÍTICO, PARA LA DETERMINACIÓN DE COMPUESTOS BIOACTIVOS EN MUESTRAS AGROALIMENTARIAS",,,,,,,,,Suplente
,"SUÁREZ FERNÁNDEZ, MARÍA BELÉN",,***9725**,,UNIVERSIDAD DE SALAMANCA,Q3718001E,4.45,PROTECCIÓN BIOLÓGICA DEL CULTIVO DE PATATA FRENTE A HONGOS PATÓGENOS BASADA EN LA APLICACIÓN DE TÉ DE COMPOST NATURAL Y DE TÉ SUPLEMENTADO CON CEPAS DE TRICHODERMA Y DE STREPTOMYCES CON CAPACIDADES ANTIFÚNGICAS.,,,,,,,,,Suplente
,"NOGUEROL JIMÉNEZ, FRANCISCA",,***5950**,,UNIVERSIDAD DE SALAMANCA,Q3718001E,4.4,RADIOGRAFÍAS CARDINALES DEL PRESENTE: ESCRITURAS EXCÉNTRICAS EN EL SIGLO XXI (RADICANTE),,,,,,,,,Suplente
,"FRAILE MARINERO, JUAN CARLOS",,***9934**,,UNIVERSIDAD DE VALLADOLID,Q4718001C,4.4,DISEÑO Y CONSTRUCCIÓN DE UN EXOESQUELETO ACTIVO DE MANO PARA TAREAS DE REHABILITACIÓN DE PERSONAS CON DISCAPACIDAD NEUROMOTORA.,,,,,,,,,Suplente
,"GARCÍA DE FIGUEROLA PANIAGUA, LUIS CARLOS",,***1229**,,UNIVERSIDAD DE SALAMANCA,Q3718001E,4.32,APLICACIÓN DE TÉCNICAS DE APRENDIZAJE PROFUNDO A LA MONITORIZACIÓN Y ANÁLISIS DE ESTADOS DE OPINIÓN A TRAVÉS DE MEDIOS DIGITALES. UN ANÁLISIS DE LA CULTURA CIENTÍFICA EN CASTILLA Y LEÓN,,,,,,,,,Suplente
,"MORENO GARCÍA, EMMA",,***5909**,,UNIVERSIDAD DE SALAMANCA,Q3718001E,4.3,COOPERACIÓN Y ALTRUISMO: UN ANÁLISIS ECONÓMICO,,,,,,,,,Suplente
,"RODRÍGUEZ GONZALO, ENCARNACIÓN",,***3145**,,UNIVERSIDAD DE SALAMANCA,Q3718001E,4.28,DESARROLLO Y APLICACIÓN DE LA CROMATOGRAFÍA LÍQUIDA BIDIMENSIONAL AL CONTROL DE CALIDAD DE ALIMENTOS,,,,,,,,,Suplente
,"SANTOS VARA, JUAN",,***5524**,,UNIVERSIDAD DE SALAMANCA,Q3718001E,4.25,LA DIMENSIÓN EXTERIOR DE LAS POLÍTICAS DE ASILO E INMIGRACIÓN DE LA UNIÓN EUROPEA,,,,,,,,,Suplente
,"ALONSO LOMILLO, MARÍA ASUNCIÓN",,***5083**,,UNIVERSIDAD DE BURGOS,Q0968272E,4.25,DISEÑO Y CARACTERIZACIÓN DE BIOSENSORES AMPEROMÉTRICOS PARA LA DETECCIÓN SENCILLA Y SENSIBLE DE FENOLES VOLÁTILES EN VINOS,,,,,,,,,Suplente
,"HERNÁNDEZ SÁNCHEZ, DOMINGO",,***8026**,,UNIVERSIDAD DE SALAMANCA,Q3718001E,4.1,"ESTÉTICA, LENGUA Y PAISAJE. LA IMAGEN DE CASTILLA EN LA EDAD DE PLATA COMO PATRIMONIO CULTURAL HOY",,,,,,,,,Suplente
,"DÍEZ CASERO, JULIO JAVIER",,***2110**,,UNIVERSIDAD DE VALLADOLID,Q4718001C,4.1,EMPLEO DE NUEVAS TÉCNICAS DE SECUENCIACIÓN GENÓMICA EN EL ESTUDIO DE LAS INTERACCIONES VIRUS-HONGO EN LAS PATOLOGÍAS DEL CHANCRO RESINOSO DE LOS PINOS Y EL CHANCRO DEL CASTAÑO EN CASTILLA Y LEÓN,,,,,,,,,Suplente
,"MARTÍN ARESTI, PILAR",,***2123**,,UNIVERSIDAD DE SALAMANCA,Q3718001E,4.05,CALIDAD INNOVACIÓN Y PROFESIONALIDAD. RETOS JURÍDICO PRIVADOS DEL SECTOR AGROALIMENTARIO DE CASTILLA Y LEÓN,,,,,,,,,Suplente
,"RIVERO ORTEGA, RICARDO",,***6125**,,UNIVERSIDAD DE SALAMANCA,Q3718001E,4.02,AJUSTES DEL DERECHO INTERNO PARA LA VIGENCIA DEL REGLAMENTO (UE) 2017/625 REFERENTE A LOS CONTROLES OFICIALES EN MATERIA DE AGROALIMENTACIÓN,,,,,,,,,Suplente
,"NESPEREIRA JATO, JOSÉ",,***3667**,,UNIVERSIDAD DE SALAMANCA,Q3718001E,4.0,LAS ARCILLAS SOBRECONSOLIDADAS DE ORIGEN CONTINENTAL: RELACIÓN ENTRE COMPORTAMIENTO MECÁNICO Y PROCESOS GEOLÓGICOS.,,,,,,,,,Suplente
,"GALÁN ORDAX, JOSÉ MANUEL",,***1824**,,UNIVERSIDAD DE BURGOS,Q0968272E,4.0,SUPERALEACIONES EN PROCESOS INDUSTRIALES: UNA APROXIMACIÓN EMPÍRICA Y COMPUTACIONAL,,,,,,,,,Suplente
,"MATA SIERRA, MARÍA TERESA",,***8264**,,UNIVERSIDAD DE LEÓN,Q2432001B,3.95,FISCALIDAD DE LAS ENTIDADES GANADERAS EN CASTILLA Y LEÓN: PROBLEMÁTICA ACTUAL Y PROPUESTAS DE MEJORA,,,,,,,,,Suplente
,"GONZALO DE GRADO, JESÚS",,***4986**,,UNIVERSIDAD DE LEÓN,Q2432001B,3.7,ANÁLISIS NUMÉRICO Y EXPERIMENTAL DE PERFILES A MUY BAJO NÚMERO DE REYNOLDS PARA SU USO EN LA PROPULSIÓN A HÉLICE DE VEHÍCULOS ESTRATOSFÉRICOS,,,,,,,,,Suplente
,"SÁNCHEZ MONTERO, MARÍA JESÚS",,***7964**,,UNIVERSIDAD DE SALAMANCA,Q3718001E,3.45,REGENERACIÓN DE CARBÓN ACTIVADO DE PLANTAS POTABILIZADORAS DE AGUA,,,,,,,,,Suplente
,"VEGA MARAY, ANA MARÍA",,***2410**,,UNIVERSIDAD DE LEÓN,Q2432001B,3.35,CALIDAD DEL AIRE EN CASTILLA Y LEÓN: IMPACTO DEL BIOAEROSOL Y DEL CARBONO NEGRO. PROPUESTA DE MEDIDAS MITIGADORAS.,,,,,,,,,Suplente
,"SÁNCHEZ PRIETO, RAÚL",,***1615**,,UNIVERSIDAD DE SALAMANCA,Q3718001E,3.3,"PERCEPCIÓN, DISCURSO Y REPUTACIÓN ONLINE DE LA INDUSTRIA CASTELLANOLEONESA DE ELE EN PAÍSES DE HABLA ALEMANA Y NEERLANDESA. HERRAMIENTAS LINGÜÍSTICAS PARA EL PROCESAMIENTO E INTERPRETACIÓN DE BIG DATA Y SMALL DATA.",,,,,,,,,Suplente
,"GARCÍA SANTOS, MARÍA DEL PILAR",,***5106**,,UNIVERSIDAD DE SALAMANCA,Q3718001E,3.25,CINÉTICA Y MECANISMOS DE REACCIONES DE ALQUILACIÓN DE LAS BASES NITROGENADAS DEL ADN POR MOLÉCULAS BIOACTIVAS,,,,,,,,,Suplente
,"RUIZ MÉNDEZ, CAMILO",,***5068**,,UNIVERSIDAD DE SALAMANCA,Q3718001E,3.1,TOMOGRAFÍA 4D CON RAYOS X ULTRACORTOS PRODUCIDOS POR LÁSER EN BLANCOS NANOESTRUCTURADOS,,,,,,,,,Suplente
,"PARRA SANTOS, M.ª TERESA",,***6063**,,UNIVERSIDAD DE VALLADOLID,Q4718001C,3.1,MODELADO NUMÉRICO DE LA COMBUSTIÓN DE GAS NATURAL EN UN QUEMADOR CON FLUJO ROTANTE,,,,,,,,,Suplente
,"TORRELLES TORREA, MARÍA ESTER",,***0728**,,UNIVERSIDAD DE SALAMANCA,Q3718001E,3.0,DERECHO Y DISCAPACIDAD: TODOS SOMOS TODOS,,,,,,,,,Suplente
,"FERNÁNDEZ MARTÍNEZ, MARÍA NÉLIDA",,***7458**,,UNIVERSIDAD DE LEÓN,Q2432001B,3.0,DISEÑO Y EVALUACIÓN DE UNA APLICACIÓN INFORMÁTICA PARA MEJORAR LA CALIDAD DE VIDA A LOS ENFERMOS CON DEMENCIAS Y A SUS FAMILIARES/CUIDADORES,,,,,,,,,Suplente
,"TARODO SORIA, SALVADOR",,***0811**,,UNIVERSIDAD DE LEÓN,Q2432001B,3.0,"DERECHO Y BIOTECNOLOGÍA ALIMENTARIA: DIRECTRICES, ESTRATEGIAS Y BUENAS PRÁCTICAS QUE GARANTICEN LA SOSTENIBILIDAD Y BIODIVERSIDAD DE LOS MÉTODOS DE CULTIVO CONVENCIONALES Y ECOLÓGICOS CARACTERÍSTICOS DE CASTILLA Y LEÓN EN EL CONTEXTO DE LA NUEVA NORMATIVA EUROPEA REGULADORA DE LOS CULTIVOS MODIFICADOS GENÉTICAMENTE",,,,,,,,,Suplente
,"JIMENO BULNES, NATALIA",,***6817**,,UNIVERSIDAD DE VALLADOLID,Q4718001C,2.85,"ESTUDIO LONGITUDINAL DEL TRASTORNO FORMAL DEL PENSAMIENTO EN SUJETOS CON TRASTORNO MENTAL GRAVE MEDIANTE LA ESCALA TALD: INDICADORES CLÍNICOS, NEUROCOGNITIVOS Y PSICOSOCIALES",,,,,,,,,Suplente
,"ALONSO DE LA TORRE, SARA RAQUEL",,***6909**,,UNIVERSIDAD DE BURGOS,Q0968272E,2.75,EFECTO DE SIDRAS ELABORADAS EN CASTILLA Y LEÓN SOBRE LA FUNCIÓN CELULAR: COMPARACIÓN CON SIDRAS DE DIFERENTES ORÍGENES GEOGRÁFICOS,,,,,,,,,Suplente
,"ÁLVARO TORDESILLAS, ANTONIO",,***0919**,,UNIVERSIDAD DE VALLADOLID,Q4718001C,2.75,"DISEÑO DE UN PROTOTIPO PARA FOTOGRAMETRÍA A PARTIR DE UNA SOLA IMAGEN, BASADO EN REFLEXIÓN ESPECULAR.",,,,,,,,,Suplente
,"ALDEGUNDE CARRIÓN, JESÚS JOSÉ",,***5680**,,UNIVERSIDAD DE SALAMANCA,Q3718001E,2.6,MOLÉCULAS FRÍAS COMO PLATAFORMA PARA LA COMPUTACIÓN CUÁNTICA Y EL DESARROLLO DE NUEVOS MATERIALES.,,,,,,,,,Suplente
,"RODRÍGUEZ MARROYO, JOSÉ ANTONIO",,***9774**,,UNIVERSIDAD DE LEÓN,Q2432001B,2.6,INFLUENCIA DE LA CONDICIÓN FÍSICA Y DEL ENTRENAMIENTO EN LA RESPUESTA AL ESTRÉS TÉRMICO EN AMBIENTES TERMONEUTROS Y DE CALOR EN EL TRABAJO DEL PERSONAL ESPECIALISTA EN EXTINCIÓN DE INCENDIOS FORESTALES (PEEIF),,,,,,,,,Suplente
,"FERNÁNDEZ JUNCAL, MARÍA DEL CARMEN",,***0416**,,UNIVERSIDAD DE SALAMANCA,Q3718001E,2.55,LA PROYECCIÓN DEL DISCURSO CIENTÍFICO EN ESPAÑOL: ANÁLISIS CONTRASTIVO Y DESCRIPTIVO,,,,,,,,,Suplente
,"BERNAL LÓPEZ SANVICENTE, M.ª AMPARO",,***3949**,,UNIVERSIDAD DE BURGOS,Q0968272E,2.5,"DOCUMENTACIÓN Y LEVANTAMIENTO GRÁFICO DE LOS MONUMENTOS DE ARQUITECTURA FUNERARIA REALIZADOS DURANTE LA GUERRA CIVIL EN LOS TÉRMINOS MUNICIPALES DE ALCOCERO DE MOLA Y CILLERUELO DE BRICIA, EN LA PROVINCIA DE BURGOS.",,,,,,,,,Suplente
,"GONZÁLEZ MONTAÑA, JOSÉ RAMIRO",,***7643**,,UNIVERSIDAD DE LEÓN,Q2432001B,2.45,METALES PESADOS EN LECHE DE VACA Y OVEJA COMO INDICADORES DE CONTAMINACIÓN MEDIOAMBIENTAL EN LA PROVINCIA DE LEÓN Y SU REPERCUSIÓN ECONÓMICA,,,,,,,,,Suplente
,"MARTÍNEZ GONZÁLEZ, M.ª MERCEDES",,***8265**,,UNIVERSIDAD DE VALLADOLID,Q4718001C,2.4,PRIVACIDAD DESDE EL DISEÑO EN APLICACIONES DEL ÁMBITO DE LAS SMART CITIES PARA GARANTIZAR EL CUMPLIMIENTO NORMATIVO EN MATERIA DE PROTECCIÓN DE DATOS,,,,,,,,,Suplente
,"ULLÁN DE LA FUENTE, ANA MARÍA",,***9884**,,UNIVERSIDAD DE SALAMANCA,Q3718001E,2.3,ENCUESTA NACIONAL SOBRE CALIDAD DE LA ATENCIÓN PSICOLÓGICA A LOS NIÑOS HOSPITALIZADOS Y SUS FAMILIAS Y HUMANIZACIÓN DE LOS HOSPITALES,,,,,,,,,Suplente
,"GONZÁLEZ NÚÑEZ, VERÓNICA",,***1807**,,UNIVERSIDAD DE SALAMANCA,Q3718001E,2.3,ANALISIS DEL CONSUMO DE DROGAS EN ESTUDIANTES UNIVERSITARI@S DE CIENCIAS DE LA SALUD,,,,,,,,,Suplente
,"GARCÍA MEILÁN, JUAN JOSÉ",,***4533**,,UNIVERSIDAD DE SALAMANCA,Q3718001E,2.2,INFLUENCIA DEL ESTADO EMOCIONAL EN EL MANTENIMIENTO O DETERIORO DE LAS REDES SEMÁNTICAS EN EL PROCESO DE ENVEJECIMIENTO EN GENERAL Y EN LA DEMENCIA TIPO ALZHEIMER EN PARTICULAR. ESTUDIO A PARTIR DEL ANÁLISIS DEL HABLA.,,,,,,,,,Suplente
,"AGUILAR ROMERO, FERNANDO",,***3405**,,UNIVERSIDAD DE BURGOS,Q0968272E,2.18,MEJORA DE LA SOSTENIBILIDAD ENERGÉTICA DE EDIFICIOS CLIMATIZADOS MEDIANTE NUEVOS SISTEMAS DE ALMACENAMIENTO TÉRMICO DE GESTIÓN REMOTA A TRAVÉS DE TICS.,,,,,,,,,Suplente
,"MARTÍN RUANO, MARÍA DEL ROSARIO",,***4488**,,UNIVERSIDAD DE SALAMANCA,Q3718001E,2.0,TRADUCCIÓN E INCLUSIÓN SOCIAL: HACIA ÉTICAS DEL RECONOCIMIENTO DE LA DIVERSIDAD.,,,,,,,,,Suplente
,"IZQUIERDO YUSTA, ALICIA",,***4552**,,UNIVERSIDAD DE BURGOS,Q0968272E,1.9,EL TURISMO INCLUSIVO EN CASTILLA Y LEÓN ¿REALIDAD O FICCIÓN?: UN ANÁLISIS DE LOS DETERMINANTES Y CONSECUENCIAS DE LA EXPERIENCIA DEL VIAJERO DISCAPACITADO EN LOS ALOJAMIENTOS HOTELEROS,,,,,,,,,Suplente
,"GIL VILLA, FERNANDO",,***7275**,,UNIVERSIDAD DE SALAMANCA,Q3718001E,1.8,NIÑAS CHINAS ADOPTADAS EN CASTILLA Y LEÓN: DEL RIESGO DE ACOSO AL BIENESTAR ESCOLAR.,,,,,,,,,Suplente
,"VILLA GARCÍA, MARÍA VICENTA",,***3310**,,UNIVERSIDAD DE SALAMANCA,Q3718001E,1.8,"APLICACIÓN DE LA ESPECTROSCOPÍA DE INFRARROJO MEDIO POR TRANSFORMADA DE FOURIER (FT-MIR), COMO NUEVO MÉTODO DE ANÁLISIS DE LOS PRODUCTOS DERIVADOS DEL CERDO IBÉRICO: INFLUENCIA DEL RÉGIMEN DE ALIMENTACIÓN CON LA CALIDAD DE LOS PRODUCTOS CÁRNICOS PORCINOS.",,,,,,,,,Suplente
,"SEIJAS VILLADANGOS, MARÍA ESTHER",,***4038**,,UNIVERSIDAD DE LEÓN,Q2432001B,1.7,LA CRISIS DEL PARLAMENTARISMO DESDE SU ORIGEN A NUESTROS DÍAS Y SU RELEVANCIA EN UNA REFORMA CONSTITUCIONAL Y ESTATUTARIA,,,,,,,,,Suplente
,"CÓRDOVA MARTÍNEZ, ALFREDO",,***7327**,,UNIVERSIDAD DE VALLADOLID,Q4718001C,0.9,VALORACIÓN BIOPSICOLÓGICA DE PROFESIONALES SANITARIOS DE LOS SERVICIOS DE URGENCIAS HOSPITALARIAS,,,,,,,,,Suplente
,"GONZÁLEZ GRANDA, PIEDAD",,***9751**,,UNIVERSIDAD DE LEÓN,Q2432001B,0.8,APLICACIÓN DE LA LASA A NUEVAS TECNOLOGÍAS DE LA INFROMACIÓN Y LA COMUNICACIÓN A LA INVESTIGACIÓN Y ENJUICIAMIENTO DE LOS PROCESOS MEDIOAMBIENTALES EN CASTILLA Y LEÓN.,,,,,,,,,Suplente
,"GALINDO VILLARDÓN, MARÍA PURIFICACIÓN",,***5797**,,UNIVERSIDAD DE SALAMANCA,Q3718001E,0.0,DETECCIÓN DE VIOLENCIA DE GÉNERO EN PAREJAS ADOLESCENTES A TRAVÉS DE TELEFONÍA MÓVIL E INTERNET MEDIANTE TÉCNICAS DE BIG DATA,,,,,,,,,Suplente
,"BALSINDE RODRÍGUEZ, JESÚS",,***3297**,,C.S.I.C.,Q2818002D,8.05,REGULACIÓN DE LA ACTIVACIÓN DEL INFLAMASOMA POR LÍPIDOS ANTI- INFLAMATORIOS,,,,,,,,,Suplente
,"SANTONJA GÓMEZ, MANUEL",,***3052**,,CONSORCIO DEL CENIEH,S0900008D,8.0,"TRADICIÓN, EVOLUCIÓN Y COEXISTENCIA EN LOS TECNOCOMPLEJOS PALEOLÍTICOS DEL PLEISTOCENO MEDIO DE LA PENÍNSULA IBÉRICA",,,,,,,,,Suplente
,"MORENO PÉREZ, SERGIO",,***8936**,,C.S.I.C.,Q2818002D,8.0,REGULACIÓN DEL PROGRAMA MEIÓTICO POR COMPLEJOS CDK/CICLINAS CANÓNICOS Y NO CANÓNICOS,,,,,,,,,Suplente
,"MORCUENDE MORCUENDE, ROSA MARÍA",,***9531**,,C.S.I.C.,Q2818002D,7.92,EFECTO DE LA DISPONIBILIDAD DE NITRÓGENO EN EL RENDIMIENTO Y LA COMPOSICIÓN DE COMPUESTOS BIOACTIVOS EN EL GRANO DE DIFERENTES VARIEDADES DE TRIGO CULTIVADAS EN UNA ATMÓSFERA ENRIQUECIDA EN CO2 Y TEMPERATURA ELEVADA,,,,,,,,,Suplente
,"NIETO CALLEJO, M.ª LUISA",,***8782**,,C.S.I.C.,Q2818002D,4.2,MEDIADORES LIPÍDICOS DE LA INFLAMACIÓN EN EL DAÑO TISULAR EN PROCESOS DEGENERATIVOS ASOCIADOS AL ENVEJECIMIENTO PATOLÓGICO. PROTECCIÓN MEDIANTE DERIVADOS BIOACTIVOS DEL OLIVAR DE CASTILLA Y LEÓN (PROBIOLI.CYL),,,,,,,,,Suplente
,"ROMERO MARTÍN, CARLOS",,***7333**,,UNIVERSIDAD CATÓLICA DE ÁVILA,R0500336C,2.62,EFECTO DE LA GENÉTICA Y LA ALIMENTACIÓN SOBRE LA CALIDAD DE LOS HUEVOS DE GALLINAS CASTELLANAS NEGRAS EN RÉGIMEN ECOLÓGICO,,,,,,,,,Suplente
,"GÓMEZ GALÁN, JOSÉ",,***5562**,,UNIVERSIDAD CATÓLICA DE ÁVILA,R0500336C,2.55,DISEÑO E IMPLANTACIÓN DE UN OBSERVATORIO PARA LA EVALUACIÓN DE CURSOS MOOC EN UN CONTEXTO INTERNACIONAL,,,,,,,,,Suplente
,"JIMÉNEZ VIVAS, AMPARO",,***2165**,,UNIVERSIDAD PONTIFICIA DE SALAMANCA,R3700047H,1.4,ATENCIÓN A LA DIVERSIDAD: DISEÑO E IMPLANTACIÓN DE UNA GUÍA PARA LA DETECCIÓN DE NECESIDADES Y PAUTAS DE INTERVENCIÓN PARA FAMILIAS Y EDUCADORES.,,,,,,,,,Suplente
