,Petición,Puntuación,Descripción,Causa de denegación
0,"MORENO RODILLA, VIDAL, ***7036** (Petición n.º 31. UNIVERSIDAD DE SALAMANCA, Q3718001E)","7,85",ESTRATEGIA SEGURA BASADA EN ROBÓTICA COLABORATIVA (COBOTS) EN EL NUEVO ENTORNO EPIDEMIOLÓGICO DE LA INDUSTRIA CÁRNICA DE CASTILLA Y LEÓN: APLICACIÓN A UNIDAD DE PRODUCCIÓN REAL DE EMBUTIDO TRADICIONAL.,Inexistencia de crédito adecuado y suficiente para financiar las obligaciones derivadas de la concesión de las subvenciones en el ejercicio correspondiente.
1,"DÍAZ GARCÍA CONLLEDO, MIGUEL, ***8299** (Petición n.º 33. UNIVERSIDAD DE LEÓN, Q2432001B)","7,85",PROTECCIÓN PENAL DE PERSONAS VULNERABLES. ANÁLISIS ESPECIAL DE LA CIBERDELINCUENCIA Y EN EL ÁMBITO CASTELLANO Y LEONÉS.,Inexistencia de crédito adecuado y suficiente para financiar las obligaciones derivadas de la concesión de las subvenciones en el ejercicio correspondiente.
2,"BUSTO NÚÑEZ, MARÍA DOLORES, ***0200** (Petición n.º 21. UNIVERSIDAD DE BURGOS, Q0968272E)","7,84","DESARROLLO DE NUEVOS BIOFERTILIZANTES PARA EL RECUBRIMIENTO DE SEMILLAS DE CEREAL: INCREMENTO DE LA BIODISPONIBILIDAD VEGETAL DE P Y N, Y REDUCCIÓN DEL IMPACTO AMBIENTAL.",Inexistencia de crédito adecuado y suficiente para financiar las obligaciones derivadas de la concesión de las subvenciones en el ejercicio correspondiente.
3,"RAMOS CASADO, RAQUEL, ***0417** (Petición n.º 2 del CIEMAT, CSIC Q2820002J)","7,84",INCREMENTO DE LA COMPETITIVIDAD DEL SECTOR ENERGÉTICO REGIONAL MEDIANTE ALTERNATIVAS DE VALORIZACIÓN TERMOQUÍMICA PARA MATERIALES DE PALAS DE AEROGENERADORES FUERA DE USO (PALAS-CYL).,Inexistencia de crédito adecuado y suficiente para financiar las obligaciones derivadas de la concesión de las subvenciones en el ejercicio correspondiente.
4,"DE LUIS GARCÍA, RODRIGO, ***0316** (Petición n.º 55. UNIVERSIDAD DE VALLADOLID, Q4718001C)","7,84",INTELIGENCIA ARTIFICIAL PARA IMAGEN CUANTITATIVA EN RADIOLOGÍA: SIMULACIÓN DE IMÁGENES DE RESONANCIA MAGNÉTICA Y CÁLCULO DE RELAXOMETRÍA.,Inexistencia de crédito adecuado y suficiente para financiar las obligaciones derivadas de la concesión de las subvenciones en el ejercicio correspondiente.
5,"GARCÍA SERNA, JUAN, ***0512** (Petición n.º 82. UNIVERSIDAD DE VALLADOLID, Q4718001C)","7,83",INTELIGENCIA ARTIFICIAL PARA LA MEJORA DE LOS PROCESOS DE INGENIERÍA QUÍMICA EN BIORREFINERÍAS (BRIQIA).,Inexistencia de crédito adecuado y suficiente para financiar las obligaciones derivadas de la concesión de las subvenciones en el ejercicio correspondiente.
6,"ESPINO ORDÓÑEZ, GUSTAVO ADOLFO, ***2589** (Petición n.º 5. UNIVERSIDAD DE BURGOS, Q0968272E)","7,82",DISEÑO DE METALOFÁRMACOS CON ACTIVIDAD FOTOQUIMIOTERAPÉUTICA PARA EL TRATAMIENRO SELECTIVO DE TUMORES CANCERÍGENOS.,Inexistencia de crédito adecuado y suficiente para financiar las obligaciones derivadas de la concesión de las subvenciones en el ejercicio correspondiente.
7,"CIRIA CIRIA, MARÍA PILAR, ***8525** (Petición n.º 1 del CIEMAT, CSIC, Q2820002J)","7,82",GESTIÓN SOSTENIBLE DEL MATORRAL PARA LA BIOECONOMÍA CIRCULAR Y EL DESARROLLO RURAL DE CASTILLA Y LEÓN (CISTUS-CYL).,Inexistencia de crédito adecuado y suficiente para financiar las obligaciones derivadas de la concesión de las subvenciones en el ejercicio correspondiente.
8,"MARTÍN PINTO, PABLO, ***6051** (Petición n.º 11. UNIVERSIDAD DE VALLADOLID, Q4718001C)","7,81","PUESTA EN VALOR DE TERRENOS MARGINALES MEDIANTE PLANTACIONES DE CISTUS LADANIFER MICORRIZADAS CON BOLETUS EDULIS Y OTROS HONGOS COMESTIBLES DE ALTO VALOR ECONÓMICO, BOLEPLANT.",Inexistencia de crédito adecuado y suficiente para financiar las obligaciones derivadas de la concesión de las subvenciones en el ejercicio correspondiente.
9,"PANIAGUA PÉREZ, JESÚS, ***9534** (Petición n.º 31. UNIVERSIDAD DE LEÓN, Q2432001B)","7,8",LA HERENCIA CLÁSICA Y HUMANÍSTICA: LA ALEGORÍA EN EL MUNDO HISPÁNICO.,Inexistencia de crédito adecuado y suficiente para financiar las obligaciones derivadas de la concesión de las subvenciones en el ejercicio correspondiente.
10,"MARTÍNEZ MORO, EDGAR, ***3342** (Petición n.º 3. UNIVERSIDAD DE VALLADOLID, Q4718001C)","7,79",PROTECCIÓN DE LA INFORMACIÓN Y CRIPTOGRAFÍA: TÉCNICAS ALGEBRO- GEOMÉTRICAS Y COMBINATORIAS.,Inexistencia de crédito adecuado y suficiente para financiar las obligaciones derivadas de la concesión de las subvenciones en el ejercicio correspondiente.
11,"MARTÍN CRUZ, NATALIA, ***1668** (Petición n.º 21. UNIVERSIDAD DE VALLADOLID, Q4718001C)","7,78",TRANSFORMACIÓN DIGITAL Y CIRCULAR PARA EL DISEÑO DE CIUDADES CON CONCIENCIA. APLICACIÓN A LOS KIOSCOS (K10sK).,Inexistencia de crédito adecuado y suficiente para financiar las obligaciones derivadas de la concesión de las subvenciones en el ejercicio correspondiente.
12,"RODRÍGUEZ CRUZ, MARÍA SONIA, ***6725** (Petición n.º 1 del IRNASA, CSIC, Q2818002D)","7,77",MEJORA DE LA FUNCIONALIDAD DE SUELOS AGRÍCOLAS MEDIANTE LA APLICACIÓN DE RESIDUOS ORGÁNICOS: IMPLICACIONES MOLECULARES EN EL COMPORTAMIENTO DE PESTICIDAS.,Inexistencia de crédito adecuado y suficiente para financiar las obligaciones derivadas de la concesión de las subvenciones en el ejercicio correspondiente.
13,"ORTEGA LÓPEZ, VANESA, ***7231** (Petición n.º 11. UNIVERSIDAD DE BURGOS, Q0968272E)","7,75","MEZCLAS HIDRÁULICAS/BITUMINOSAS SOSTENIBLES DE ALTAS PRESTACIONES, FABRICADAS CON RESIDUOS INDUSTRIALES Y DE CONSTRUCCIÓN, ECO-CONGLOMERANTES Y TÉCNICAS DE AHORRO ENERGÉTICO: ESTUDIO A ESCALA REAL.",Inexistencia de crédito adecuado y suficiente para financiar las obligaciones derivadas de la concesión de las subvenciones en el ejercicio correspondiente.
14,"RODRÍGUEZ LÁZARO, ALFONSO DAVID, ***6215** (Petición n.º 4. UNIVERSIDAD DE BURGOS, Q0968272E)","7,7","NUEVAS ESTRATEGIAS PARA LA DETECCIÓN, CARACTERIZACIÓN Y CONTROL DEL VIRUS DE LA HEPATITIS E EN PRODUCTOS CÁRNICOS.",Inexistencia de crédito adecuado y suficiente para financiar las obligaciones derivadas de la concesión de las subvenciones en el ejercicio correspondiente.
15,"GONZÁLEZ IGLESIAS, JUAN ANTONIO, ***5290** (Petición n.º 55. UNIVERSIDAD DE SALAMANCA, Q3718001E)","7,7","ICONOGRAFÍA Y LENGUAJE. EL PATRIMONIO CULTURAL DE LA UNIVERSIDAD DE SALAMANCA EN EL SIGLO XVIII, DESDE LA PERSPECTIVA POLIÉDRICA DE UNO DE SUS PROFESORES: JUAN GONZÁLEZ DE DIOS.",Inexistencia de crédito adecuado y suficiente para financiar las obligaciones derivadas de la concesión de las subvenciones en el ejercicio correspondiente.
16,"RODRÍGUEZ PÉREZ, JOSÉ RAMÓN, ***6914** (Petición n.º 45. UNIVERSIDAD DE LEÓN, Q2432001B)","7,66",TECNOLOGÍAS AVANZADAS DE TELEDETECCIÓN PARA LA IDENTIFICACIÓN TEMPRANA DE ESTRÉS EN CULTIVOS AGRÍCOLAS.,Inexistencia de crédito adecuado y suficiente para financiar las obligaciones derivadas de la concesión de las subvenciones en el ejercicio correspondiente.
17,"FONTAL MERILLAS, OLAIA, ***5170** (Petición n.º 66. UNIVERSIDAD DE VALLADOLID, Q4718001C)","7,65","EVALUACIÓN DE LA PERCEPCIÓN, CONOCIMIENTO, Y VALORACIÓN DEL PATRIMONIO DE CASTILLA Y LEÓN EN REDES SOCIALES.",Inexistencia de crédito adecuado y suficiente para financiar las obligaciones derivadas de la concesión de las subvenciones en el ejercicio correspondiente.
18,"FERNÁNDEZ GARCÍA, MARÍA NIEVES, ***1442** (Petición n.º 14. UNIVERSIDAD DE VALLADOLID, Q4718001C)","7,64",PAPEL DEL INMUNOMETABOLISMO EN LA DEFENSA FRENTE A LA INFECCIÓN Y EN EL DESARROLLO DE LA AUTOINMUNIDAD.,Inexistencia de crédito adecuado y suficiente para financiar las obligaciones derivadas de la concesión de las subvenciones en el ejercicio correspondiente.
19,"COCA SANZ, MÓNICA, ***0753** (Petición n.º 18. UNIVERSIDAD DE VALLADOLID, Q4718001C)","7,63",BIORREFINERÍA DE BAGAZO DE CERVEZA: DESARROLLO DE PROCESOS INTEGRADOS PARA LA OBTENCIÓN DE BIOPRODUCTOS ACTIVOS Y BIOCOMBUSTIBLES OXIGENADOS.,Inexistencia de crédito adecuado y suficiente para financiar las obligaciones derivadas de la concesión de las subvenciones en el ejercicio correspondiente.
20,"ALONSO RODRIGO, MATILDE, ***9322** (Petición n.º 60. UNIVERSIDAD DE VALLADOLID, Q4718001C)","7,63",DESARROLLO DE TERAPIAS CELULARES INYECTABLES BASADAS EN MICROCARRIERS PARA EL TRATAMIENTO DE LESIONES OSTEOARTICULARES DIFUSAS.,Inexistencia de crédito adecuado y suficiente para financiar las obligaciones derivadas de la concesión de las subvenciones en el ejercicio correspondiente.
21,"GONZALO DE GRADO, JESÚS, ***7498** (Petición n.º 29. UNIVERSIDAD DE LEÓN, Q2432001B)","7,62",ANÁLISIS NUMÉRICO Y EXPERIMENTAL DE FORMAS Y PERFILES AERODINÁMICOS A MUY BAJO NÚMERO DE REYNOLDS PARA SU USO EN VEHÍCULOS ESTRATOSFÉRICOS.,Inexistencia de crédito adecuado y suficiente para financiar las obligaciones derivadas de la concesión de las subvenciones en el ejercicio correspondiente.
22,"FERNÁNDEZ FUERTES, RAQUEL, ***9420** (Petición n.º 8. UNIVERSIDAD DE VALLADOLID, Q4718001C)","7,6",LA ENCRUCIJADA MORFOLOGÍA- SINTAXIS EN EL CONTACTO DE LENGUAS: BILINGÜISMO SIMULTÁNEO Y BILINGÜISMO SECUENCIAL.,Inexistencia de crédito adecuado y suficiente para financiar las obligaciones derivadas de la concesión de las subvenciones en el ejercicio correspondiente.
23,"BARRADO ESTEBAN, ENRIQUE, ***1372** (Petición n.º 63. UNIVERSIDAD DE VALLADOLID, Q4718001C)","7,6",REVALORIZACIÓN DE RESIDUOS AGROALIMENTARIOS MEDIANTE LA RECUPERACIÓN DE BIOMOLÉCULAS ANTIOXIDANTES DE INTERÉS TECNOLÓGICO UTILIZANDO NUEVOS DISOLVENTES BIODEGRADABLES.,Inexistencia de crédito adecuado y suficiente para financiar las obligaciones derivadas de la concesión de las subvenciones en el ejercicio correspondiente.
24,"MARTÍN PEÑA, PEDRO, ***0952** (Petición n.º 15. UNIVERSIDAD DE VALLADOLID, Q4718001C)","7,59","FORZADO DE YEMAS, USO DE REGULADORES DEL CRECIMIENTO Y LEVADURAS NO-SACCHAROMYCES COMO HERRAMIENTAS PARA PALIAR EL IMPACTO DEL CALENTAMIENTO GLOBAL EN LA CALIDAD DEL VINO DE VERDEJO.",Inexistencia de crédito adecuado y suficiente para financiar las obligaciones derivadas de la concesión de las subvenciones en el ejercicio correspondiente.
25,"TAMAYO GÓMEZ, EDUARDO, ***8874** (Petición n.º 81. UNIVERSIDAD DE VALLADOLID, Q4718001C)","7,56",MODULACIÓN DE LA TORMENTA DE CITOQUINAS POR EL ESTATUS REDOX EN LA COVID-19. UNA POSIBLE DIANA DE TRATAMIENTO.,Inexistencia de crédito adecuado y suficiente para financiar las obligaciones derivadas de la concesión de las subvenciones en el ejercicio correspondiente.
26,"FERNÁNDEZ LÓPEZ, ARSENIO, ***5325** (Petición n.º 3. UNIVERSIDAD DE LEÓN, Q2432001B)","7,56",DIRECCIONAMIENTO Y CARGA DE VESÍCULAS EXTRACELULARES CONTRA EL ICTUS ISQUÉMICO.,Inexistencia de crédito adecuado y suficiente para financiar las obligaciones derivadas de la concesión de las subvenciones en el ejercicio correspondiente.
27,"DÍAZ MÍNGUEZ, JOSÉ MARÍA, ***0383** (Petición n.º 58. UNIVERSIDAD DE SALAMANCA, Q3718001E)","7,51",ALTERNATIVAS BIOLÓGICAS PARA LA SANIDAD VEGETAL DE PRECISIÓN EN CASTILLA Y LEÓN: USO DE ARN DE INTERFERENCIA Y MICROORGANISMOS ANTAGONISTAS.,Inexistencia de crédito adecuado y suficiente para financiar las obligaciones derivadas de la concesión de las subvenciones en el ejercicio correspondiente.
28,"SÁNCHEZ FERNÁNDEZ, PEDRO LUIS, ***6289** (Petición n.º 72. UNIVERSIDAD DE SALAMANCA, Q3718001E)","7,48",AFECTACIÓN CARDIACA EN TRABAJADORES DEL CAUSA INFECTADOS POR CORONAVIRUS. ESTUDIO CCC (CARDIOCORONAVIRUSCAUSA).,Inexistencia de crédito adecuado y suficiente para financiar las obligaciones derivadas de la concesión de las subvenciones en el ejercicio correspondiente.
29,"HERMOSILLA REDONDO, MARÍA DAPHNE, ***8911** (Petición n.º 68. UNIVERSIDAD DE VALLADOLID, Q4718001C)","7,48",DESARROLLO Y OPTIMIZACIÓN DE DISPOSITIVOS LED PARA LA GENERACIÓN DE AGUAS REUTILIZADAS DESTINADAS A LA AGRICULTURA.,Inexistencia de crédito adecuado y suficiente para financiar las obligaciones derivadas de la concesión de las subvenciones en el ejercicio correspondiente.
30,"BARTOL HERNÁNDEZ, JOSÉ ANTONIO, ***4163** (Petición n.º 19. UNIVERSIDAD DE SALAMANCA, Q3718001E)","7,47",LA DISPONIBILIDAD GRAMATICAL EN ESPAÑOL COMO L1 Y L2 (GRAMADISP).,Inexistencia de crédito adecuado y suficiente para financiar las obligaciones derivadas de la concesión de las subvenciones en el ejercicio correspondiente.
31,"CARPINTERO REDONDO, ÓSCAR, ***2892** (Petición n.º 40. UNIVERSIDAD DE VALLADOLID, Q4718001C)","7,47",ANÁLISIS DE LA TRANSICIÓN ENERGÉTICA HACIA UNA ECONOMÍA BAJA EN CARBONO EN ESPAÑA A TRAVÉS DE UN MODELO DE EVALUACIÓN INTEGRADA.,Inexistencia de crédito adecuado y suficiente para financiar las obligaciones derivadas de la concesión de las subvenciones en el ejercicio correspondiente.
32,"SANZ RONDA, FRANCISCO JAVIER, ***9829** (Petición n.º 89. UNIVERSIDAD DE VALLADOLID, Q4718001C)","7,46",DETERMINACIÓN DE BARRERAS FÍSICAS PARA REDUCIR LA DISPERSIÓN DE ESPECIES EXÓTICAS INVASORAS DE AGUA DULCE EN CORREDORES FLUVIALES (FISHBAR).,Inexistencia de crédito adecuado y suficiente para financiar las obligaciones derivadas de la concesión de las subvenciones en el ejercicio correspondiente.
33,"PÉREZ MARTÍNEZ, CLAUDIA, ***3088** (Petición n.º 5. UNIVERSIDAD DE LEÓN, Q2432001B)","7,46",ANÁLISIS DE LA SEGURIDAD DE UN PROTOCOLO DE DOBLE DENERVACIÓN SIMPÁTICA RENAL POR VÍA ENDOVASCULAR PARA EL CONTROL DE LA REGENERACIÓN NERVIOSA.,Inexistencia de crédito adecuado y suficiente para financiar las obligaciones derivadas de la concesión de las subvenciones en el ejercicio correspondiente.
34,"MOLINA RODRÍGUEZ, VICENTE, ***0615** (Petición n.º 37. UNIVERSIDAD DE VALLADOLID, Q4718001C)","7,43",EXPLORACIÓN DEL DÉFICIT EN LA FUNCIÓN INHIBITORIA COMO FACTOR PATOGENÉTICO EN LA HIPOMODULACIÓN DE LA ACTIVIDAD CORTICAL EVOCADA POR UNA TAREA EN LA ESQUIZOFRENIA.,Inexistencia de crédito adecuado y suficiente para financiar las obligaciones derivadas de la concesión de las subvenciones en el ejercicio correspondiente.
35,"YELA BERNABÉ, JOSÉ RAMÓN, ***1192** (Petición n.º 1. UNIVERSIDAD PONTIFICIA DE SALAMANCA, R3700047H)","7,39","ENTRENAMIENTO CONTINUADO EN MINDFULNESS Y AUTOCOMPASIÓN SOBRE SALUD MENTAL, BIENESTAR PSICOLÓGICO E INDICADORES BIOLÓGICOS RELACIONADOS CON LA SALUD CELULAR. UN ESTUDIO LONGITUDINAL.",Inexistencia de crédito adecuado y suficiente para financiar las obligaciones derivadas de la concesión de las subvenciones en el ejercicio correspondiente.
36,"GONZÁLEZ SÁNCHEZ, MARÍA DOLORES, ***7938** (Petición n.º 15. UNIVERSIDAD DE SALAMANCA, Q3718001E)","7,38",SIMULACIONES ATOMÍSTICAS PARA EL DESARROLLO DE FÁRMACOS: INHIBIDORES DE MONOAMINAS OXIDASAS Y TRATAMIENTOS DE COVID-19.,Inexistencia de crédito adecuado y suficiente para financiar las obligaciones derivadas de la concesión de las subvenciones en el ejercicio correspondiente.
37,"DURÁN ALBA, JUAN FERNANDO, ***2575** (Petición n.º 58. UNIVERSIDAD DE VALLADOLID, Q4718001C)","7,36",IMPLICACIONES Y ENSEÑANZAS DE LA COVID-19: GOBERNANZA Y BIENESTAR SOCIAL.,Inexistencia de crédito adecuado y suficiente para financiar las obligaciones derivadas de la concesión de las subvenciones en el ejercicio correspondiente.
38,"GARCÍA PEÑALVO, FRANCISCO JOSÉ, ***6261** (Petición n.º 14. UNIVERSIDAD DE SALAMANCA, Q3718001E)","7,35",AVISSA - ANALÍTICA VISUAL Y MACHINE LEARNING PARA TOMA DE DECISIONES EN ECOSISTEMAS DE SALUD.,Inexistencia de crédito adecuado y suficiente para financiar las obligaciones derivadas de la concesión de las subvenciones en el ejercicio correspondiente.
39,"ORTÚÑEZ GOICOLEA, PEDRO PABLO, ***2078** (Petición n.º 28. UNIVERSIDAD DE VALLADOLID, Q4718001C)","7,34",CAPITAL HUMANO Y DESARROLLO ECONÓMICO ENDÓGENO EN CASTILLA Y LEÓN (1880-2020). HUMAN CAPITAL AND ENDOGENOUS ECONOMIC DEVELOPMENT IN CASTILE AND LEON (1880-2020).,Inexistencia de crédito adecuado y suficiente para financiar las obligaciones derivadas de la concesión de las subvenciones en el ejercicio correspondiente.
40,"FRESNO BARO, JOSÉ MARÍA, ***3805** (Petición n.º 30. UNIVERSIDAD DE LEÓN, Q2432001B)","7,34",DISEÑO DE CULTIVOS INICIADORES DE NUEVA GENERACIÓN PARA LA FABRICACIÓN DE QUESOS DE OVEJA DE ALTO VALOR AÑADIDO POTENCIANDO SUS PROPIEDADES SALUDABLES.,Inexistencia de crédito adecuado y suficiente para financiar las obligaciones derivadas de la concesión de las subvenciones en el ejercicio correspondiente.
41,"FERNÁNDEZ VILLALOBOS, NIEVES, ***7772** (Petición n.º 79. UNIVERSIDAD DE VALLADOLID, Q4718001C)","7,33","ACCESIBILIDAD Y DISEÑO INCLUSIVO EN LOS PAISAJES PATRIMONIALES DE CASTILLA Y LEÓN. ANÁLISIS, ESTRATEGIAS DE ACTUACIÓN Y MODELOS DE DISEÑO DE INFORMACIÓN.",Inexistencia de crédito adecuado y suficiente para financiar las obligaciones derivadas de la concesión de las subvenciones en el ejercicio correspondiente.
42,"PARES CASANOVA, JOSEP M., ***2426** (Petición n.º 1. CENIEH, S0900008D)","7,31","DINÁMICA DE SEDIMENTOS EN CUEVAS COMO ARCHIVOS PALEOCLIMÁTICOS E HIDROGEOLÓGICOS (OJO GUAREÑA, ATAPUERCA).",Inexistencia de crédito adecuado y suficiente para financiar las obligaciones derivadas de la concesión de las subvenciones en el ejercicio correspondiente.
43,"MURO ÁLVAREZ, ANTONIO, ***2589** (Petición n.º 51. UNIVERSIDAD DE SALAMANCA, Q3718001E)","7,3",DESARROLLO DE ESTRATEGIAS INTELIGENTES PARA LA DETECCIÓN DE ENFERMEDADES INFECCIOSAS TROPICALES Y GESTIÓN DE EPIDEMIAS UTILIZANDO TECNOLOGÍA EDGE MEDIANTE AMPLIFICACIÓN ISOTÉRMICA TIPO LAMP.,Inexistencia de crédito adecuado y suficiente para financiar las obligaciones derivadas de la concesión de las subvenciones en el ejercicio correspondiente.
44,"MEDINA DOMÍNGUEZ, ALEJANDRO, ***6524** (Petición n.º 7. UNIVERSIDAD DE SALAMANCA, Q3718001E)","7,3","ENERGÍA TERMOSOLAR EFICIENTE Y FLEXIBLE: HIBRIDACIÓN, ALMACENAMIENTO TÉRMICO Y BOMBAS DE CALOR.",Inexistencia de crédito adecuado y suficiente para financiar las obligaciones derivadas de la concesión de las subvenciones en el ejercicio correspondiente.
45,"GARCÍA GADAÑÓN, MARÍA, ***8080** (Petición n.º 33. UNIVERSIDAD DE VALLADOLID, Q4718001C)","7,3",DIGANÓSTICO Y ESTIMACIÓN DE LA SEVERIDAD DE LA RETINOPATÍA DIABÉTICA MEDIANTE PROCESADO AUTOMÁTICO DE RETINOGRAFÍAS Y TÉCNICAS DE DEEP LEARNING.,Inexistencia de crédito adecuado y suficiente para financiar las obligaciones derivadas de la concesión de las subvenciones en el ejercicio correspondiente.
46,"MARTÍN CLAVIJO, MILAGRO, ***5708** (Petición n.º 12. UNIVERSIDAD DE SALAMANCA, Q3718001E)","7,29",ESCRITORAS INÉDITAS EN ESPAÑOL EN LOS ALBORES DEL S. XX (1880-1920). RENOVACIÓN PEDAGÓGICA DEL CANON LITERARIO: AUTO (NARRACIONES) Y AUTO (FICCIONES).,Inexistencia de crédito adecuado y suficiente para financiar las obligaciones derivadas de la concesión de las subvenciones en el ejercicio correspondiente.
47,"ESCUDERO MANCEBO, DAVID, ***3056** (Petición n.º 30. UNIVERSIDAD DE VALLADOLID, Q4718001C)","7,29",ADAPTACIÓN DINÁMICA EN JUEGOS EDUCATIVOS DIGITALES BASADA EN TÉCNICAS DE CARACTERIZACIÓN AUTOMÁTICA DE USUARIO.,Inexistencia de crédito adecuado y suficiente para financiar las obligaciones derivadas de la concesión de las subvenciones en el ejercicio correspondiente.
48,"SAN ROMÁN CALVAR, JOSÉ ALBERTO, ***0141** (Petición n.º 5. FUNDACIÓN INSTITUTO DE ESTUDIOS DE CIENCIAS DE LA SALUD DE CASTILLA Y LEÓN, IECSCYL, G42152405)","7,28",SALA DE HEMODINÁMICA AUMENTADA CON 3D (PROYECTO HAMMOND).,Inexistencia de crédito adecuado y suficiente para financiar las obligaciones derivadas de la concesión de las subvenciones en el ejercicio correspondiente.
49,"ORTEGA SÁNCHEZ, DELFÍN, ***2619** (Petición n.º 13. UNIVERSIDAD DE BURGOS, Q0968272E)","7,26","CON Y PARA LA SOCIEDAD: CIENCIA CIUDADANA, EDUCACIÓN Y SOCIALIZACIÓN PATRIMONIAL DEL MEDIO RURAL MEDIANTE APP (CONCEPRA).",Inexistencia de crédito adecuado y suficiente para financiar las obligaciones derivadas de la concesión de las subvenciones en el ejercicio correspondiente.
50,"BALAÑA FOUCE, RAFAEL, ***7272** (Petición n.º 9. UNIVERSIDAD DE LEÓN, Q2432001B)","7,24",AVANCES EN EL CONTROL DE LAS INFECCIONES POR NEMATODOS GASTROINTESTINALES EN LOS RUMIANTES: HERRAMIENTAS INNOVADORAS PARA LA IDENTIFICACIÓN DE FÁRMACOS ANTIHELMÍNTICOS.,Inexistencia de crédito adecuado y suficiente para financiar las obligaciones derivadas de la concesión de las subvenciones en el ejercicio correspondiente.
51,"COLINA SANTAMARÍA, ÁLVARO, ***4135** (Petición n.º 23. UNIVERSIDAD DE BURGOS, Q0968272E)","7,23",CONOCIMIENTO DE LAS INTERFASES EN BATERÍAS METÁLICAS PARA LA MEJORA DE SU RENDIMIENTO.,Inexistencia de crédito adecuado y suficiente para financiar las obligaciones derivadas de la concesión de las subvenciones en el ejercicio correspondiente.
52,"RUIZ MÉNDEZ, CAMILO, ***1506** (Petición n.º 39. UNIVERSIDAD DE SALAMANCA, Q3718001E)","7,21",DESARROLLANDO Y MEJORANDO LA COMPETENCIA CLIMÁTICA (C3). EDUCACIÓN PARA LA SOSTENIBILIDAD Y EL CAMBIO CLIMÁTICO EN LA EDUCACIÓN DIGITAL.,Inexistencia de crédito adecuado y suficiente para financiar las obligaciones derivadas de la concesión de las subvenciones en el ejercicio correspondiente.
53,"CASTAÑÓN GARCÍA, ANA MARÍA, ***6112** (Petición n.º 20. UNIVERSIDAD DE LEÓN, Q2432001B)","7,21",SIMULACIÓN USIM PAC Y ANÁLISIS DE PROCESOS EN METALES CRÍTICOS DE YACIMIENTOS DEL NW DE CASTILLA Y LEÓN. HACIA LA VIABILIDAD ECONÓMICA Y MEDIOAMBIENTAL (ACRÓNIMO: MINCRICyL).,Inexistencia de crédito adecuado y suficiente para financiar las obligaciones derivadas de la concesión de las subvenciones en el ejercicio correspondiente.
54,"MARTÍNEZ ZARZUELA, MARIO, ***3971** (Petición n.º 39. UNIVERSIDAD DE VALLADOLID, Q4718001C)","7,2","HEMIWEAR: SENSORES VESTIBLES, INTELIGENCIA ARTIFICIAL Y REALIDAD VIRTUAL PARA OPTIMIZAR LA VALORACIÓN Y TRATAMIENTO DE PACIENTES PEDIÁTRICOS CON HEMIPARESIA.",Inexistencia de crédito adecuado y suficiente para financiar las obligaciones derivadas de la concesión de las subvenciones en el ejercicio correspondiente.
55,"GALÁN ORDAX, JOSÉ MANUEL, ***2182** (Petición n.º 1. UNIVERSIDAD DE BURGOS, Q0968272E)","7,18",LOCALNAUR. LOCALIZACIÓN DE NEGOCIOS EN ÁREAS URBANAS COMO SISTEMAS ADAPTATIVOS COMPLEJOS.,Inexistencia de crédito adecuado y suficiente para financiar las obligaciones derivadas de la concesión de las subvenciones en el ejercicio correspondiente.
56,"MARTÍNEZ SACRISTÁN, ÓSCAR, ***6094** (Petición n.º 38. UNIVERSIDAD DE VALLADOLID, Q4718001C)","7,15","ANÁLISIS ÓPTICO, TÉRMICO Y MECÁNICO DE LÁSERES DE DIODO (LDs), DIODOS EMISORES DE LUZ (LEDs) Y NANOHILOS (NWs) SEMICONDUCTORES.",Inexistencia de crédito adecuado y suficiente para financiar las obligaciones derivadas de la concesión de las subvenciones en el ejercicio correspondiente.
57,"MARISCAL SALDAÑA, MIGUEL ÁNGEL, ***4925** (Petición n.º 28. UNIVERSIDAD DE BURGOS, Q0968272E)","7,11",MEJORA DE LA PRODUCTIVIDAD INDUSTRIAL MEDIANTE LOS ENTORNOS DE TRABAJO HUMANO-COBOT. DISEÑO DE PUESTOS DE TRABAJO SEGUROS Y SALUDABLES.,Inexistencia de crédito adecuado y suficiente para financiar las obligaciones derivadas de la concesión de las subvenciones en el ejercicio correspondiente.
58,"ANDRÉS GARCÍA, JOSÉ MARÍA, ***5668** (Petición n.º 6. UNIVERSIDAD DE VALLADOLID, Q4718001C)","7,09",DESARROLLO DE PROCESOS EFICIENTES Y SOSTENIBLES EN ORGANOCATÁLISIS ORIENTADOS A LA PREPARACIÓN ENANTIOSELECTIVA DE COMPUESTOS BIOACTIVOS.,Inexistencia de crédito adecuado y suficiente para financiar las obligaciones derivadas de la concesión de las subvenciones en el ejercicio correspondiente.
59,"QUIRÓS CARRETERO, ALICIA, ***9195** (Petición n.º 19. UNIVERSIDAD DE LEÓN, Q2432001B)","7,06",MÉTODOS MATEMÁTICOS APLICADOS AL MANEJO Y ANÁLISIS DE DATOS DE ESTUDIOS DE SUPERVIVENCIA EN CARDIOLOGÍA INTERVENCIONISTA.,Inexistencia de crédito adecuado y suficiente para financiar las obligaciones derivadas de la concesión de las subvenciones en el ejercicio correspondiente.
60,"GARCÍA GARCÍA, PEDRO, ***5246** (Petición n.º 43. UNIVERSIDAD DE LEÓN, Q2432001B)","7,03",ESTUDIOS DE RESISTENCIA A ESTRESES Y DE CALIDAD NUTRICIONAL EN LENTEJA A NIVEL GENÉTICO Y GENÓMICO.,Inexistencia de crédito adecuado y suficiente para financiar las obligaciones derivadas de la concesión de las subvenciones en el ejercicio correspondiente.
61,"ARRANZ SANZ, EDUARDO, ***4098** (Petición n.º 44. UNIVERSIDAD DE VALLADOLID, Q4718001C)","7,02",DESARROLLO DE UN MODELO DE CULTIVO EX-VIVO EN MUCOSA HUMANA FRENTE A SARS-COV-2: CARACTERIZACIÓN DE LOS MECANISMOS INMUNOPATOLÓGICOS SUBYACENTES AL DESARROLLO DE COVID-19.,Inexistencia de crédito adecuado y suficiente para financiar las obligaciones derivadas de la concesión de las subvenciones en el ejercicio correspondiente.
62,"BUENO DE MATA, FEDERICO, ***3380** (Petición n.º 1. UNIVERSIDAD DE SALAMANCA, Q3718001E)","7,01",PROTECCIÓN TECNOLÓGICA PREVENTIVA Y SUMARIA DE LA SALUD A TRAVÉS DE LA ADMINISTRACIÓN DE JUSTICIA ANTE ENFERMEDADES DE DECLARACIÓN OBLIGATORIA.,Inexistencia de crédito adecuado y suficiente para financiar las obligaciones derivadas de la concesión de las subvenciones en el ejercicio correspondiente.
63,"ROCHER MARTÍN, M.ª ASUNCIÓN, ***6212** (Petición n.º 73. UNIVERSIDAD DE VALLADOLID, Q4718001C)","6,99",IMPACTO CARDIOVASCULAR Y DISFUNCIÓN ENDOTELIAL EN UN MODELO MURINO DEL SÍNDROME OVERLAP: APNEA OBSTRUCTIVA DEL SUEÑO Y EPOC.,Inexistencia de crédito adecuado y suficiente para financiar las obligaciones derivadas de la concesión de las subvenciones en el ejercicio correspondiente.
64,"MARTÍN SÁNCHEZ, VICENTE, ***8225** (Petición n.º 36. UNIVERSIDAD DE LEÓN, Q2432001B)","6,95",RUTAS GENÉTICAS ASOCIADAS A GRAVEDAD EN LA COVID-19 (RUGECOV19).,Inexistencia de crédito adecuado y suficiente para financiar las obligaciones derivadas de la concesión de las subvenciones en el ejercicio correspondiente.
65,"DEL OLMO FERNÁNDEZ, ESTHER, ***9987** (Petición n.º 56. UNIVERSIDAD DE SALAMANCA, Q3718001E)","6,93","NUEVOS AGENTES ANTIPARASITARIOS PARA EL TRATAMIENTO DE NEMATODOSIS OVINAS: DISEÑO, OBTENCIÓN Y EVALUACIÓN BIOLÓGICA .",Inexistencia de crédito adecuado y suficiente para financiar las obligaciones derivadas de la concesión de las subvenciones en el ejercicio correspondiente.
66,"GARCÍA LAPRESTA, JOSÉ LUIS, ***8926** (Petición n.º 48. UNIVERSIDAD DE VALLADOLID, Q4718001C)","6,93","DISEÑO Y ANÁLISIS DE ÍNDICES SINTÉTICOS A PARTIR DE LA INFORMACIÓN CUANTITATIVA Y CUALITATIVA, APLICACIONES A DIVERSOS ESCENARIOS SOCIALES Y ECONÓMICOS.",Inexistencia de crédito adecuado y suficiente para financiar las obligaciones derivadas de la concesión de las subvenciones en el ejercicio correspondiente.
67,"CONTADOR CASTILLO, ISRAEL, ***0070** (Petición n.º 28. UNIVERSIDAD DE SALAMANCA, Q3718001E)","6,92",PREVENCIÓN DEL IMPACTO DE LA COVID-19 EN LA ATENCIÓN SOCIOSANITARIA Y LA CALIDAD DE VIDA EN PERSONAS CON DEMENCIA Y SUS FAMILIAS: UN ESTUDIO MULTICÉNTRICO COMUNITARIO.,Inexistencia de crédito adecuado y suficiente para financiar las obligaciones derivadas de la concesión de las subvenciones en el ejercicio correspondiente.
68,"MEISS RODRÍGUEZ, ALBERTO, ***8958** (Petición n.º 5. UNIVERSIDAD DE VALLADOLID, Q4718001C)","6,9",ESTUDIO DE LA PERMEABILIDAD AL AIRE DE LAS VIVIENDAS DEL MEDIO RURAL EN CASTILLA Y LEÓN: REPERCUSIÓN EN LA DEMANDA ENERGÉTICA Y EN EL CONFORT INTERIOR.,Inexistencia de crédito adecuado y suficiente para financiar las obligaciones derivadas de la concesión de las subvenciones en el ejercicio correspondiente.
69,"SÁNCHEZ HERNÁNDEZ, JOSÉ LUIS, ***8461** (Petición n.º 33. UNIVERSIDAD DE SALAMANCA, Q3718001E)","6,89",LAS REDES ALIMENTARIAS SOSTENIBLES EN CASTILLA Y LEÓN: DE LA CADENA DE VALOR A LA CADENA DE VALORES PARA LA TRANSICIÓN ALIMENTARIA. IMPLICACIONES PARA LAS POLÍTICAS PÚBLICAS.,Inexistencia de crédito adecuado y suficiente para financiar las obligaciones derivadas de la concesión de las subvenciones en el ejercicio correspondiente.
70,"GARCÍA PÉREZ, JOSÉ MIGUEL, ***3142** (Petición n.º 25. UNIVERSIDAD DE BURGOS, Q0968272E)","6,86",POLÍMEROS INTELIGENTES DE ANCLAJE. NUEVA METODOLOGÍA PARA LA MEJORA DE DISPOSITIVOS DE DIAGNÓSTICO CLÍNICO POCT (POINT-OF-CARE TESTING).,Inexistencia de crédito adecuado y suficiente para financiar las obligaciones derivadas de la concesión de las subvenciones en el ejercicio correspondiente.
71,"RODRÍGUEZ BARBERO, ALICIA, ***4419** (Petición n.º 63. UNIVERSIDAD DE SALAMANCA, Q3718001E)","6,86",ENDOGLINA SOLUBLE COMO PREDICTOR DE ÉXITO EN LA REPRODUCCIÓN ASISTIDA.,Inexistencia de crédito adecuado y suficiente para financiar las obligaciones derivadas de la concesión de las subvenciones en el ejercicio correspondiente.
72,"SÁNCHEZ PRIETO, RAÚL, ***9161** (Petición n.º 30. UNIVERSIDAD DE SALAMANCA, Q3718001E)","6,85","RELANZANDO LA INDUSTRIA DE ELE Y SU PERCEPCIÓN EXTERIOR EN ALEMANIA Y PAÍSES BAJOS: IMAGEN, RETOS Y SOLUCIONES DESDE LA LINGÜÍSTICA TEXTUAL Y DEL DISCURSO (NL/D-ELE).",Inexistencia de crédito adecuado y suficiente para financiar las obligaciones derivadas de la concesión de las subvenciones en el ejercicio correspondiente.
73,"FERNÁNDEZ MEDARDE, ALBERTO, ***7673** (Petición n.º 24. UNIVERSIDAD DE SALAMANCA, Q3718001E)","6,85",SEÑALIZACIÓN MEDIADA POR GTPASAS RAS EN FISIOPATOLOGÍA PULMONAR. BÚSQUEDA DE INHIBIDORES DE CÁNCER DE PULMÓN CON MUTACIONES EN KRAS.,Inexistencia de crédito adecuado y suficiente para financiar las obligaciones derivadas de la concesión de las subvenciones en el ejercicio correspondiente.
74,"DÍEZ CAMPELO, MARÍA, ***0123** (Petición n.º 2. FUNDACIÓN INSTITUTO DE ESTUDIOS DE CIENCIAS DE LA SALUD DE CASTILLA Y LEÓN, IECSCYL, G42152405)","6,8",ESTUDIO DE TRATAMIENTOS INMUNOTERÁPICOS EN COMBINACIÓN CON TRATAMIENTOS CONVENCIONALES EN ENFERMEDADES MIELOIDES (LMC Y SMD) EN UN NUEVO MODELO MURINO HUMANIZADO.,Inexistencia de crédito adecuado y suficiente para financiar las obligaciones derivadas de la concesión de las subvenciones en el ejercicio correspondiente.
75,"MARTÍNEZ RUIZ, CAROLINA, ***8313** (Petición n.º 85. UNIVERSIDAD DE VALLADOLID, Q4718001C)","6,75","MECANISMOS DE RESTAURACIÓN FORESTAL EN ANTIGUAS MINAS DE CARBÓN: MICROSITIOS FAVORABLES, ESPECIES INGENIERAS, PRESIÓN DE HERBÍVOROS.",Inexistencia de crédito adecuado y suficiente para financiar las obligaciones derivadas de la concesión de las subvenciones en el ejercicio correspondiente.
76,"RUS RUFINO, SALVADOR, ***2805** (Petición n.º 1. UNIVERSIDAD DE LEÓN, Q2432001B)","6,74",TIEMPO DE LIBERTAD (1520-1521). LOS CONCEPTOS E IDEAS POLÍTICAS EN TIEMPO DE LOS COMUNEROS EN EL V CENTENARIO DE LAS COMUNIDADES DE CASTILLA.,Inexistencia de crédito adecuado y suficiente para financiar las obligaciones derivadas de la concesión de las subvenciones en el ejercicio correspondiente.
77,"SÁNCHEZ LÓPEZ, JÓSE FRANCISCO, ***1352** (Petición n.º 65. UNIVERSIDAD DE SALAMANCA, Q3718001E)","6,66",LA PÉRDIDA DE INFLUENCIA DE EUROPA EN AMÉRICA LATINA: UNA EXPLICACIÓN MULTICAUSAL DESDE LA TEORÍA DEL PODER BLANDO.,Inexistencia de crédito adecuado y suficiente para financiar las obligaciones derivadas de la concesión de las subvenciones en el ejercicio correspondiente.
78,"PÉREZ GIL, JULIO, ***7112** (Petición n.º 26. UNIVERSIDAD DE BURGOS, Q0968272E)","6,65",TRIBUNALES ON LINE ¿LA JUSTICIA DEL FUTURO?,Inexistencia de crédito adecuado y suficiente para financiar las obligaciones derivadas de la concesión de las subvenciones en el ejercicio correspondiente.
79,"VIVAR QUINTANA, ANA MARÍA, ***3458** (Petición n.º 3. UNIVERSIDAD DE SALAMANCA, Q3718001E)","6,65",VALORIZACIÓN DE LAS LENTEJAS DE CASTILLA Y LEÓN: ESTUDIO DE LA PRESENCIA DE COMPUESTOS BIOACTIVOS Y SU CUANTIFICACIÓN A TRAVÉS DE ESPECTROSCOPIA DEL INFRARROJO CERCANO (NIRS).,Inexistencia de crédito adecuado y suficiente para financiar las obligaciones derivadas de la concesión de las subvenciones en el ejercicio correspondiente.
80,"RAMÓN GARCÍA, NOELIA, ***9758** (Petición n.º 41. UNIVERSIDAD DE LEÓN, Q2432001B)","6,65",LENGUAJE CONTROLADO INGLÉS- ESPAÑOL PARA LA PROMOCIÓN INTERNACIONAL DE PRODUCTOS AGROALIMENTARIOS DE CASTILLA Y LEÓN (AGROLEN).,Inexistencia de crédito adecuado y suficiente para financiar las obligaciones derivadas de la concesión de las subvenciones en el ejercicio correspondiente.
81,"AGUIAR PÉREZ, JAVIER MANUEL, ***9169** (Petición n.º 83. UNIVERSIDAD DE VALLADOLID, Q4718001C)","6,63",GIGA - GESTIÓN INTELIGENTE DE GRANJAS AVÍCOLAS BASADA EN INTERNET DE LAS COSAS E INTELIGENCIA ARTIFICIAL.,Inexistencia de crédito adecuado y suficiente para financiar las obligaciones derivadas de la concesión de las subvenciones en el ejercicio correspondiente.
82,"MOLINA MARTÍN, LUIS MIGUEL, ***8687** (Petición n.º 72. UNIVERSIDAD DE VALLADOLID, Q4718001C)","6,6",NANOMATERIALES POROSOS Y LAMINARES PARA IMPULSAR EL USO DE ENERGÍAS LIMPIAS Y RENOVABLES: ALMACENAMIENTO DE HIDRÓGENO Y FILTRADO DE BIOCOMBUSTIBLES.,Inexistencia de crédito adecuado y suficiente para financiar las obligaciones derivadas de la concesión de las subvenciones en el ejercicio correspondiente.
83,"FUERTES LÓPEZ, MERCEDES, ***4760** (Petición n.º 39. UNIVERSIDAD DE LEÓN, Q2432001B)","6,6",GARANTÍA PARA LA ADECUADA PRESTACIÓN DE SERVICIOS ESENCIALES EN LOS MUNICIPIOS: UNAS ADMINISTRACIONES LOCALES BIEN CONECTADAS Y CIBERSEGURAS.,Inexistencia de crédito adecuado y suficiente para financiar las obligaciones derivadas de la concesión de las subvenciones en el ejercicio correspondiente.
84,"CALVO GÓMEZ, JOSÉ ANTONIO, ***8028** (Petición n.º 2. UNIVERSIDAD CATÓLICA DE ÁVILA, R0500336C)","6,59",SOSTENIBILIDAD Y PRESERVACIÓN DEL PATRIMONIO EN ZONAS DE BAJA DENSIDAD DE POBLACIÓN. ESTUDIO HISTÓRICO-ARTÍSTICO DEL MEDIO RURAL DE LA PROVINCIA DE ÁVILA PARA SU APROVECHAMIENTO TURÍSTICO.,Inexistencia de crédito adecuado y suficiente para financiar las obligaciones derivadas de la concesión de las subvenciones en el ejercicio correspondiente.
85,"MARTÍNEZ MATESANZ, CRISTINA BEATRIZ, ***1149** (Petición n.º 13. UNIVERSIDAD DE VALLADOLID, Q4718001C)","6,57",INFLUENCIA DE LA TECNOLOGÍA LED EN EL DESLUMBRAMIENTO DISCAPACITANTE ANTE LENTES INTRAOCULARES DE NUEVA GENERACIÓN.,Inexistencia de crédito adecuado y suficiente para financiar las obligaciones derivadas de la concesión de las subvenciones en el ejercicio correspondiente.
86,"ALONSO TRISTÁN, CRISTINA, ***8324** (Petición n.º 8. UNIVERSIDAD DE BURGOS, Q0968272E)","6,55",HIBRIDACIÓN ENERGÉTICA PV/T CON ALMACENAMIENTO TÉRMICO: NUEVOS DESARROLLOS PARA INTEGRACIÓN EN EDIFICIOS DE CONSUMO CASI NULO.,Inexistencia de crédito adecuado y suficiente para financiar las obligaciones derivadas de la concesión de las subvenciones en el ejercicio correspondiente.
87,"SÁEZ-ROYUELA GONZALO, MARÍA, ***3169** (Petición n.º 46. UNIVERSIDAD DE LEÓN, Q2432001B)","6,52",DESARROLLO DE DIETAS SOSTENIBLES PARA LA CRÍA DE TENCA (TINCA TINCA L.) DURANTE LAS ETAPAS DE LARVARIA-POSTLARVARIA Y JUVENIL EN CONDICIONES CONTROLADAS: POSIBILIDADES DE USO DE HARINAS Y ACEITES DE INSECTO.,Inexistencia de crédito adecuado y suficiente para financiar las obligaciones derivadas de la concesión de las subvenciones en el ejercicio correspondiente.
88,"AGUADO RODRÍGUEZ, PEDRO JOSÉ, ***9735** (Petición n.º 42. UNIVERSIDAD DE LEÓN, Q2432001B)","6,52",MITIGACIÓN DEL RIESGO DE INCENDIO Y EXPLOSIÓN EN LA INDUSTRIA CEREALISTA.,Inexistencia de crédito adecuado y suficiente para financiar las obligaciones derivadas de la concesión de las subvenciones en el ejercicio correspondiente.
89,"MARTÍN CASADO, TERESA GEMA, ***5680** (Petición n.º 47. UNIVERSIDAD DE VALLADOLID, Q4718001C)","6,49","CASTILLA Y LEÓN. PARÁMETROS DE LAS EMPRESAS TIC DEL FUTURO: INNOVACIÓN, CREATIVIDAD, TALENTO, IGUALDAD Y TECNOLOGÍAS DE LA COMUNICACIÓN.",Inexistencia de crédito adecuado y suficiente para financiar las obligaciones derivadas de la concesión de las subvenciones en el ejercicio correspondiente.
90,"NIETO CALLEJO, M.ª LUISA, ***8878** (Petición n.º 2 del IBGM, CSIC, Q2818002D)","6,47",MEDIADORES LIPÍDICOS DE LA INFLAMACIÓN EN EL DAÑO TISULAR EN PROCESOS DEGENERATIVOS ASOCIADOS AL ENVEJECIMIENTO PATOLÓGICO. PROTECCIÓN MEDIANTE DERIVADOS BIOACTIVOS DEL OLIVAR DE CASTILLA Y LEÓN (PROBIOLI.CYL).,Inexistencia de crédito adecuado y suficiente para financiar las obligaciones derivadas de la concesión de las subvenciones en el ejercicio correspondiente.
91,"MARTÍN DEL VALLE, EVA MARÍA, ***7305** (Petición n.º 4. UNIVERSIDAD DE SALAMANCA, Q3718001E)","6,46",USO DE MICRORREACTORES EN LA PRODUCCIÓN DE NANOPARTÍCULAS TERAPÉUTICAS Y SU VALIDACIÓN EN CÁNCER DE MAMA HER2+.,Inexistencia de crédito adecuado y suficiente para financiar las obligaciones derivadas de la concesión de las subvenciones en el ejercicio correspondiente.
92,"GIL GONZÁLEZ, ANA BELÉN, ***7312** (Petición n.º 53. UNIVERSIDAD DE SALAMANCA, Q3718001E)","6,4",INTELIGENCIA ARTIFICIAL Y MODELIZACIÓN MATEMÁTICA: APLICACIONES EPIDEMIOLÓGICAS EN CIBERSEGURIDAD (IRMA).,Inexistencia de crédito adecuado y suficiente para financiar las obligaciones derivadas de la concesión de las subvenciones en el ejercicio correspondiente.
93,"LÓPEZ MARTÍN, PEDRO, ***7262** (Petición n.º 29. UNIVERSIDAD DE VALLADOLID, Q4718001C)","6,4",MODELO ATOMÍSTICO DE ESTRATEGIAS DE MINIMIZACIÓN DE DEFECTOS Y CRECIMIENTO DE NANOESTRUCTURAS DE SiGe.,Inexistencia de crédito adecuado y suficiente para financiar las obligaciones derivadas de la concesión de las subvenciones en el ejercicio correspondiente.
94,"JIMÉNEZ GARCÍA, ALBERTO, ***7722** (Petición n.º 38. UNIVERSIDAD DE SALAMANCA, Q3718001E)","6,36",TRANSICIÓN ECOLÓGICA MEDIANTE LA VALORIZACIÓN DE RESIDUOS INDUSTRIALES EN ASHBYA GOSSYPII.,Inexistencia de crédito adecuado y suficiente para financiar las obligaciones derivadas de la concesión de las subvenciones en el ejercicio correspondiente.
95,"IRIARTE AVILÉS, ENEKO, ***5960** (Petición n.º 17. UNIVERSIDAD DE BURGOS, Q0968272E)","6,35","EVOLUCIÓN DE LA GANADERÍA, LA DIETA HUMANA Y LOS CAMBIOS AMBIENTALES A LO LARGO DE LOS ÚLTIMOS 6.000 AÑOS EN LA SIERRA DE ATAPUERCA (BURGOS): UN ENFOQUE MULTIDISCIPLINAR A TRAVÉS DE DIFERENTES APROXIMACIONES METODOLÓGICAS.",Inexistencia de crédito adecuado y suficiente para financiar las obligaciones derivadas de la concesión de las subvenciones en el ejercicio correspondiente.
96,"HERNÁNDEZ CALLEJO, LUIS, ***0462** (Petición n.º 17. UNIVERSIDAD DE VALLADOLID, Q4718001C)","6,28","MANTENIMIENTO AVANZADO DE PLANTAS SOLARES FOTOVOLTAICAS BASADO EN INTELIGENCIA ARTIFICIAL, TÉCNICAS DE TERMOGRAFÍA, ELECTROLUMINISCENCIA, MEDIDAS ELÉCTRICAS Y USO DE DRONES.",Inexistencia de crédito adecuado y suficiente para financiar las obligaciones derivadas de la concesión de las subvenciones en el ejercicio correspondiente.
97,"ALONSO DE LA TORRE, SARA RAQUEL, ***0690** (Petición n.º 18. UNIVERSIDAD DE BURGOS, Q0968272E)","6,15","INTOLERANCIA HEREDITARIA A LA FRUCTOSA. VALORACIÓN DEL ESTADO NUTRICIONAL, ESTADO OXIDATIVO, MICROBIOTA E IMPLICACIONES DE LA BIODISPONIBILIDAD DE LA FRUCTOSA DE LA DIETA (IHF-BIOFRUC).",Inexistencia de crédito adecuado y suficiente para financiar las obligaciones derivadas de la concesión de las subvenciones en el ejercicio correspondiente.
98,"FRAILE MARINERO, JUAN CARLOS, ***1993** (Petición n.º 25. UNIVERSIDAD DE VALLADOLID, Q4718001C)","6,15",PLATAFORMA ROBOTIZADA PARA LA REHABILITACIÓN COGNITIVA Y NEUROMOTORA DEL DAÑO CEREBRAL ADQUIRIDO (RCN-Rob).,Inexistencia de crédito adecuado y suficiente para financiar las obligaciones derivadas de la concesión de las subvenciones en el ejercicio correspondiente.
99,"SAHAGÚN PRIETO, ANA MARÍA, ***7379** (Petición n.º 22. UNIVERSIDAD DE LEÓN, Q2432001B)","6,15","ESTUDIO DE LA INTERACCIÓN FARMACOCINÉTICA-FARMACODINÁMICA (PK-PD), ENTRE MENBUTONA Y ALBENDAZOL EN OVEJAS.",Inexistencia de crédito adecuado y suficiente para financiar las obligaciones derivadas de la concesión de las subvenciones en el ejercicio correspondiente.
100,"TABERNERO URBIETA, MARÍA DEL CARMEN, ***7935** (Petición n.º 61. UNIVERSIDAD DE SALAMANCA, Q3718001E)","6,14",AUTORREGULACIÓN COGNITIVA Y EMOCIONAL ANTE LAS SITUACIONES DE INCERTIDUMBRE Y ESTRÉS TRAS LA CRISIS DE LA COVID-19. INTERVENCIONES PERSONALIZADAS E-HEALTH.,Inexistencia de crédito adecuado y suficiente para financiar las obligaciones derivadas de la concesión de las subvenciones en el ejercicio correspondiente.
101,"GARCÍA RODRÍGUEZ, ISAÍAS, ***7811** (Petición n.º 27. UNIVERSIDAD DE LEÓN, Q2432001B)","6,12",PLATAFORMA DISTRIBUIDA PARA SEGURIDAD EN ENTORNOS DE INTERNET DE LAS COSAS LOCALES.,Inexistencia de crédito adecuado y suficiente para financiar las obligaciones derivadas de la concesión de las subvenciones en el ejercicio correspondiente.
102,"GARCÍA CENADOR, MARÍA BEGOÑA, ***9928** (Petición n.º 46. UNIVERSIDAD DE SALAMANCA, Q3718001E)","6,11","REGENERACIÓN ÓSEA CON CÉLULAS MADRES MESENQUIMALES, OBTENIDAS DE PULPA DENTAL. TRATAMIENTO DE SITUACIONES CRÍTICAS EN ODONTOESTOMATOLOGÍA.",Inexistencia de crédito adecuado y suficiente para financiar las obligaciones derivadas de la concesión de las subvenciones en el ejercicio correspondiente.
103,"CÓZAR CASTELLANO, IRENE, ***9920** (Petición n.º 31. UNIVERSIDAD DE VALLADOLID, Q4718001C)","6,11",NUEVAS DIANAS FARMACOLÓGICAS EN EL TRATAMIENTO DE LA DIABETES TIPO 2 Y LA ENFERMEDAD DE ALZHEIMER.,Inexistencia de crédito adecuado y suficiente para financiar las obligaciones derivadas de la concesión de las subvenciones en el ejercicio correspondiente.
104,"BLANCO RODRÍGUEZ, SUSANA, ***7603** (Petición n.º 36. UNIVERSIDAD DE VALLADOLID, Q4718001C)","6,08",DETECCIÓN DE COMPUESTOS VOLÁTILES EN VINOS MEDIANTE ESPECTROSCOPIA DE RESONANCIA DE ROTACIÓN MOLECULAR Y SU CORRELACIÓN CON LEVADURAS AUTÓCTONAS IDENTIFICADAS POR MALDI-TOF.,Inexistencia de crédito adecuado y suficiente para financiar las obligaciones derivadas de la concesión de las subvenciones en el ejercicio correspondiente.
105,"FONTANEDA GONZÁLEZ, IGNACIO, ***5121** (Petición n.º 12. UNIVERSIDAD DE BURGOS, Q0968272E)","6,05",INTERVENCIONES HACIA UNA EMPRESA MÁS SALUDABLE. IMPACTO EN EL BIENESTAR Y SALUD DE LOS TRABAJADORES Y EN LA PRODUCTIVIDAD EN LA EMPRESA.,Inexistencia de crédito adecuado y suficiente para financiar las obligaciones derivadas de la concesión de las subvenciones en el ejercicio correspondiente.
106,"CAÑUETO ÁLVAREZ, JAVIER, ***1350** (Petición n.º 4. FUNDACIÓN INSTITUTO DE ESTUDIOS DE CIENCIAS DE LA SALUD DE CASTILLA Y LEÓN, IECSCYL, G42152405)","6,05",MONITORIZACIÓN DEL PERFIL INMUNOLÓGICO GLOBAL ASOCIADO A LA RESPUESTA A TRATAMIENTOS DE INMUNOTERAPIA Y AL PRONÓSTICO EN EL MELANOMA (PROYECTO IMMUNO-MEL).,Inexistencia de crédito adecuado y suficiente para financiar las obligaciones derivadas de la concesión de las subvenciones en el ejercicio correspondiente.
107,"PEÑA MIRANDA, MARÍA DEL MAR, ***1643** (Petición n.º 42. UNIVERSIDAD DE VALLADOLID, Q4718001C)","6,04",ESTUDIO PIONERO DE DEPURACIÓN DE AGUA RESIDUAL URBANA MEDIANTE CONCENTRACIÓN POR MEMBRANAS DE ULTRAFILTRACIÓN Y POSTERIOR DIGESTIÓN ANAEROBIA.,Inexistencia de crédito adecuado y suficiente para financiar las obligaciones derivadas de la concesión de las subvenciones en el ejercicio correspondiente.
108,"VIDAL FERNÁNDEZ, M.ª BEGOÑA, ***5631** (Petición n.º 54. UNIVERSIDAD DE VALLADOLID, Q4718001C)",6,EL DERECHO A LA INFORMACIÓN DE LAS PERSONAS DETENIDAS EN CASTILLA Y LEÓN. ESPECIAL CONSIDERACIÓN DE LAS NUEVAS TECNOLOGÍAS EN TIEMPOS EXCEPCIONALES.,Inexistencia de crédito adecuado y suficiente para financiar las obligaciones derivadas de la concesión de las subvenciones en el ejercicio correspondiente.
109,"DACOSTA MARTÍNEZ, ARSENIO FERNANDO, ***9231** (Petición n.º 13. UNIVERSIDAD DE SALAMANCA, Q3718001E)","5,97",INCLUSIÓN Y EMPODERAMIENTO DIGITAL DE LA PERSONA MAYOR: EXPERIENCIAS Y NECESIDADES SOCIOEDUCATIVAS EN CASTILLA Y LEÓN.,Inexistencia de crédito adecuado y suficiente para financiar las obligaciones derivadas de la concesión de las subvenciones en el ejercicio correspondiente.
110,"BROTO CARTAGENA, MIGUEL, ***2144** (Petición n.º 26. UNIVERSIDAD DE VALLADOLID, Q4718001C)","5,96","MODELOS GENERALIZADOS DE CUBICACIÓN, CLASIFICACIÓN, OPTIMIZACIÓN DE MADERA USO ESTRUCTURAL; APLICACIÓN INTEGRAL A LA CADENA DE VALOR, CON EQUIPOS DE BAJO COSTE IMPLEMENTADOS EN LA MAQUINARIA EXISTENTE.",Inexistencia de crédito adecuado y suficiente para financiar las obligaciones derivadas de la concesión de las subvenciones en el ejercicio correspondiente.
111,"MARTÍN HERRANZ, RAÚL, ***4791** (Petición n.º 1. UNIVERSIDAD DE VALLADOLID, Q4718001C)","5,9",CUANTIFICACIÓN DEL PATRÓN DE FIJACIÓN VISUAL Y MOVIMIENTOS SACÁDICOS COMO POSIBLE BIOMARCADOR PARA EL SEGUIMIENTO Y MONITORIZACIÓN DE ENFERMEDADES NEURODEGENERATIVAS.,Inexistencia de crédito adecuado y suficiente para financiar las obligaciones derivadas de la concesión de las subvenciones en el ejercicio correspondiente.
112,"HERRERO DE LUCAS, LUIS CARLOS, ***4749** (Petición n.º 80. UNIVERSIDAD DE VALLADOLID, Q4718001C)","5,9",EVALUACIÓN MEDIANTE EQUIPO DEMOSTRADOR DE LA MEJORA DE RENDIMIENTO AL INTEGRAR UN CONVERTIDOR MODULAR MULTINIVEL EN UN CAMPO SOLAR FOTOVOLTAICO (DemPV-MMC).,Inexistencia de crédito adecuado y suficiente para financiar las obligaciones derivadas de la concesión de las subvenciones en el ejercicio correspondiente.
113,"MARQUÉS SÁNCHEZ, PILAR, ***7230** (Petición n.º 44. UNIVERSIDAD DE LEÓN, Q2432001B)","5,89",IMPACTO PSICOSOCIAL Y ECONÓMICO DE LAS INCAPACIDADES TRANSITORIAS DE LOS PROFESIONALES SANITARIOS DERIVADOS DE LA PANDEMIA POR COVID-19.,Inexistencia de crédito adecuado y suficiente para financiar las obligaciones derivadas de la concesión de las subvenciones en el ejercicio correspondiente.
114,"HERRERO COSÍO, ÁLVARO, ***6851** (Petición n.º 15. UNIVERSIDAD DE BURGOS, Q0968272E)","5,85",DIGITALIZACIÓN EN EL SECTOR AGRÍCOLA. ASPECTOS METODOLÓGICOS PARA UNA AGRICULTURA SOSTENIBLE E INTELIGENTE (DIGIAGRO).,Inexistencia de crédito adecuado y suficiente para financiar las obligaciones derivadas de la concesión de las subvenciones en el ejercicio correspondiente.
115,"COCO MARTÍN, ROSA MARÍA, ***9216** (Petición n.º 53. UNIVERSIDAD DE VALLADOLID, Q4718001C)","5,85",IDENTIFICACIÓN DE NUEVAS CAUSAS GENÉTICAS CAUSANTES DE DISTROFIAS HEREDITARIAS DE LA RETINA EN CASTILLA Y LEÓN (GENCyL): ESTUDIOS FUNCIONALES DE VARIANTES DE SIGNIFICADO INDETERMINADO EN GENES QUE SE EXPRESAN EN EL EPITELIO PIGMENTARIO DE LA RETINA.,Inexistencia de crédito adecuado y suficiente para financiar las obligaciones derivadas de la concesión de las subvenciones en el ejercicio correspondiente.
116,"RECIO HERNÁNDEZ, CLEMENTE, ***3500** (Petición n.º 41. UNIVERSIDAD DE SALAMANCA, Q3718001E)","5,83","LAGUNAS DE VILLAFÁFILA (ZAMORA): CARACTERIZACIÓN DEL HUMEDAL, Y MONITORIZACIÓN DE SU RESPUESTA A LAS VARIACIONES AMBIENTALES EN UN ESCENARIO DE CAMBIO CLIMÁTICO.",Inexistencia de crédito adecuado y suficiente para financiar las obligaciones derivadas de la concesión de las subvenciones en el ejercicio correspondiente.
117,"VERDE RELLO, ZORAIDA, ***8622** (Petición n.º 51. UNIVERSIDAD DE VALLADOLID, Q4718001C)","5,81",PHARMAGENE: SISTEMA DE REGISTRO DE INTERACCIONES FARMACOLÓGICAS Y FARMACOGENÉTICAS COMO MEDIDA PREVENTIVA DE REACCIONES ADVERSAS MEDICAMENTOSAS EN POBLACIÓN ANCIANA. ANÁLISIS COSTE- EFECTIVIDAD.,Inexistencia de crédito adecuado y suficiente para financiar las obligaciones derivadas de la concesión de las subvenciones en el ejercicio correspondiente.
118,"VICENTE MARIÑO, MIGUEL, ***7261** (Petición n.º 59. UNIVERSIDAD DE VALLADOLID, Q4718001C)","5,75","ANÁLISIS Y PROPUESTAS CIUDADANAS PARA LA CONSTRUCCIÓN COLECTIVA DE UNA NORMALIDAD SOCIAL, ECONÓMICO Y MEDIOAMBIENTAL SOSTENIBLE EN CASTILLA Y LEÓN.",Inexistencia de crédito adecuado y suficiente para financiar las obligaciones derivadas de la concesión de las subvenciones en el ejercicio correspondiente.
119,"SÁNCHEZ GONZÁLEZ, LIDIA, ***2670** (Petición n.º 32. UNIVERSIDAD DE LEÓN, Q2432001B)","5,71",MEJORA DE LA CALIDAD EN EXPLOTACIONES DE GANADO OVINO MEDIANTE LA MONITORIZACIÓN DEL PESO UTILIZANDO TÉCNICAS DE VISIÓN POR COMPUTADOR Y DE APRENDIZAJE PROFUNDO.,Inexistencia de crédito adecuado y suficiente para financiar las obligaciones derivadas de la concesión de las subvenciones en el ejercicio correspondiente.
120,"NIETO ANTOLÍN, MARIANO, ***3152** (Petición n.º 15. UNIVERSIDAD DE LEÓN, Q2432001B)","5,67",DETERMINANTES DE LAS INNOVACIONES EMPRESARIALES ORIENTADAS A LA SOSTENIBILIDAD (DRIVING SUSTAINABILITY-ORIENTED- INNOVATION) EN LA INDUSTRIA AGROALIMENTARIA DE CASTILLA Y LEÓN.,Inexistencia de crédito adecuado y suficiente para financiar las obligaciones derivadas de la concesión de las subvenciones en el ejercicio correspondiente.
121,"FERNÁNDEZ RAGA, MARÍA, ***3906** (Petición n.º 38. UNIVERSIDAD DE LEÓN, Q2432001B)","5,65",PROTECCIÓN DEL PATRIMONIO PÉTREO FRENTE AL CAMBIO CLIMÁTICO Y SU GESTIÓN ECONÓMICA Y SOSTENIBLE MEDIANTE NANOTECNOLOGÍA (PETROMASK).,Inexistencia de crédito adecuado y suficiente para financiar las obligaciones derivadas de la concesión de las subvenciones en el ejercicio correspondiente.
122,"ÁLVAREZ GONZÁLEZ, CELEDONIO, ***3000** (Petición n.º 75. UNIVERSIDAD DE VALLADOLID, Q4718001C)","5,63",APLICACIÓN DE MOLÉCULAS NANOGRAFÉNICAS EN LA MEJORA DE LAS PROPIEDADES OPTOLELECTRÓNICAS DE CÉLULAS SOLARES ORGÁNICAS (CELLNANOGRAPH).,Inexistencia de crédito adecuado y suficiente para financiar las obligaciones derivadas de la concesión de las subvenciones en el ejercicio correspondiente.
123,"ROMAY COCA, JUAN, ***8884** (Petición n.º 24. UNIVERSIDAD DE VALLADOLID, Q4718001C)","5,58","EFECTO SOCIOEMOCIONAL DE LAS ENFERMEDADES RARAS VISUALES, DE LA DISCAPACIDAD VISUAL Y ANÁLISIS DE INTERVENCIONES EN ESCENARIOS SOCIALES FUTUROS.",Inexistencia de crédito adecuado y suficiente para financiar las obligaciones derivadas de la concesión de las subvenciones en el ejercicio correspondiente.
124,"MORÁN DEL POZO, JULIA MARÍA, ***8553** (Petición n.º 8. UNIVERSIDAD DE LEÓN, Q2432001B)","5,55",HORMIGÓN RECICLADO DE ALTAS PRESTACIONES. CONSTRUYENDO UN FUTURO SOSTENIBLE.,Inexistencia de crédito adecuado y suficiente para financiar las obligaciones derivadas de la concesión de las subvenciones en el ejercicio correspondiente.
125,"CARRO MARTÍNEZ, BELÉN, ***4489** (Petición n.º 46. UNIVERSIDAD DE VALLADOLID, Q4718001C)","5,53","APLICACIÓN DE TÉCNICAS AVANZADAS DE MACHINE LEARNING Y DEEP LEARNING PARA EL ESTUDIO DE PATOLOGÍAS ASOCIADAS A VIRUS HUMANOS, ESPECÍFICAMENTE EL CORONAVIRUS SARS-COV-2.",Inexistencia de crédito adecuado y suficiente para financiar las obligaciones derivadas de la concesión de las subvenciones en el ejercicio correspondiente.
126,"UBILLOS LANDA, SILVIA, ***5988** (Petición n.º 30. UNIVERSIDAD DE BURGOS, Q0968272E)","5,48","EL DESAFÍO PSICOSOCIAL DE LA VIOLENCIA DE GÉNERO: EVIDENCIAS TRANSCULTURALES PARA SU PREVENCIÓN Y RESPUESTAS EDUCATIVAS, SOCIALES Y SANITARIAS.",Inexistencia de crédito adecuado y suficiente para financiar las obligaciones derivadas de la concesión de las subvenciones en el ejercicio correspondiente.
127,"LESARRI GÓMEZ, ALBERTO, ***6477** (Petición n.º 34. UNIVERSIDAD DE VALLADOLID, Q4718001C)","5,48",METABOLÓMICA DE VINOS MEDIANTE ESPECTROMETRÍA DE MASAS DE ALTA RESOLUCIÓN Y ESPECTROSCOPÍA MOLECULAR.,Inexistencia de crédito adecuado y suficiente para financiar las obligaciones derivadas de la concesión de las subvenciones en el ejercicio correspondiente.
128,"LÓPEZ AGUADO, M.ª MERCEDES, ***7496** (Petición n.º 40. UNIVERSIDAD DE LEÓN, Q2432001B)","5,47",ANÁLISIS DE LA EVOLUCIÓN DE LA VULNERABILIDAD Y LA EXCLUSIÓN SOCIAL EN LA CIUDAD DE LEÓN. DIMENSIONES PARA EL CAMBIO DESDE EL PUNTO DE VISTA DE LOS IMPLICADOS.,Inexistencia de crédito adecuado y suficiente para financiar las obligaciones derivadas de la concesión de las subvenciones en el ejercicio correspondiente.
129,"VEGAS HERNÁNDEZ, JESÚS MARÍA, ***8232** (Petición n.º 61. UNIVERSIDAD DE VALLADOLID, Q4718001C)","5,46",KNOBID: IDENTIFICACIÓN DE INDIVIDUOS MEDIANTE SU INTERACCIÓN CON EL DISPOSITIVO DE APERTURA DE UNA PUERTA APLICANDO TÉCNICAS DE DEEP LEARNING.,Inexistencia de crédito adecuado y suficiente para financiar las obligaciones derivadas de la concesión de las subvenciones en el ejercicio correspondiente.
130,"REYES SERRANO, MIRIAM, ***4300** (Petición n.º 64. UNIVERSIDAD DE VALLADOLID, Q4718001C)","5,45",CARACTERIZACIÓN DE COMBUSTIBLES GASEOSOS RENOVABLES Y RESIDUALES EN BOMBAS DE COMBUSTIÓN PARA SU USO EN MOTORES DE COMBUSTIÓN INTERNA.,Inexistencia de crédito adecuado y suficiente para financiar las obligaciones derivadas de la concesión de las subvenciones en el ejercicio correspondiente.
131,"DOMÍNGUEZ GONZÁLEZ, MANUEL, ***1089** (Petición n.º 17. UNIVERSIDAD DE LEÓN, Q2432001B)","5,44",ESTRATEGIAS DE CIBERSEGURIDAD INDUSTRIAL BASADAS EN ANÁLISIS INTELIGENTE DE DATOS PARA INDUSTRIA 4.0,Inexistencia de crédito adecuado y suficiente para financiar las obligaciones derivadas de la concesión de las subvenciones en el ejercicio correspondiente.
132,"RODRÍGUEZ MORÁN, JOAQUÍN, ***1808** (Petición n.º 27. UNIVERSIDAD DE SALAMANCA, Q3718001E)","5,41",DESARROLLO DE CATALIZADORES BIOMIMÉTICOS PARA TRANSACILACIONES. OPTIMIZACIÓN DE LA ASOCIACIÓN DE LOS SUBSTRATOS Y APLICACIÓN A LA SÍNTESIS ENANTIOSELECTIVA DE PRODUCTOS DE INTERÉS INDUSTRIAL.,Inexistencia de crédito adecuado y suficiente para financiar las obligaciones derivadas de la concesión de las subvenciones en el ejercicio correspondiente.
133,"GARCÍA BARRADO, JOSEFA, ***5207** (Petición n.º 17. UNIVERSIDAD DE SALAMANCA, Q3718001E)","5,4","FLAVONOIDES EN LA PREVENCIÓN Y TRATAMIENTO DE LA OBESIDAD: PAPEL DE QUERCETINA Y GALANGINA EN EL TEJIDO ADIPOSO EN MODELOS DE ROEDORES Y PACIENTES OBESOS, EN LA AUTOFAGIA Y SU IMPLICACIÓN EN LA SALUD.",Inexistencia de crédito adecuado y suficiente para financiar las obligaciones derivadas de la concesión de las subvenciones en el ejercicio correspondiente.
134,"LEJARRETA GONZÁLEZ, JUAN DOMINGO, ***3271** (Petición n.º 60. UNIVERSIDAD DE SALAMANCA, Q3718001E)","5,4",2D MATERIALS FOR E-TEXTILES 2.0 AND WEARABLE ELECTRONICS (2D E-TEX).,Inexistencia de crédito adecuado y suficiente para financiar las obligaciones derivadas de la concesión de las subvenciones en el ejercicio correspondiente.
135,"FERNÁNDEZ LLAMAS, CAMINO, ***7500** (Petición n.º 10. UNIVERSIDAD DE LEÓN, Q2432001B)","5,35","MODELADO, DESARROLLO Y CARACTERIZACIÓN DE COMPONENTES DE EXPLICABILIDAD Y CIBERSEGURIDAD PARA LA TOMA DE DECISIONES EN ROBOTS AUTÓNOMOS.",Inexistencia de crédito adecuado y suficiente para financiar las obligaciones derivadas de la concesión de las subvenciones en el ejercicio correspondiente.
136,"MALDONADO LÓPEZ, MIGUEL JOSÉ, ***4997** (Petición n.º 76. UNIVERSIDAD DE VALLADOLID, Q4718001C)","5,34",CONOCIMIENTO DE LOS EFECTOS VISUALES Y NO VISUALES DE LA ILUMINACIÓN LED PARA EL DESARROLLO DE UN SISTEMA TECNOLÓGICO PERSONALIZADO DE SEGURIDAD PREVENTIVA PARA LA MEJORA DE LA CONDUCCIÓN NOCTURNA.,Inexistencia de crédito adecuado y suficiente para financiar las obligaciones derivadas de la concesión de las subvenciones en el ejercicio correspondiente.
137,"RUANO GARCÍA, FRANCISCO JAVIER, ***2181** (Petición n.º 21. UNIVERSIDAD DE SALAMANCA, Q3718001E)","5,33",VARIACIÓN ORTOGRÁFICA Y ENREGISTERMENT EN LAS VARIEDADES HISTÓRICAS DEL INGLÉS DEL NORTE (1700-1950).,Inexistencia de crédito adecuado y suficiente para financiar las obligaciones derivadas de la concesión de las subvenciones en el ejercicio correspondiente.
138,"PÉREZ BRUNICARDI, DARÍO, ***6395** (Petición n.º 86. UNIVERSIDAD DE VALLADOLID, Q4718001C)","5,32","PATIO VIVO. TRANSFORMAR LA ESCUELA RECONQUISTANDO DE LOS ESPACIOS AL AIRE LIBRE COMO ENTORNOS DE APRENDIZAJE, CONVIVENCIA Y RESPONSABILIDAD MEDIOAMBIENTAL.",Inexistencia de crédito adecuado y suficiente para financiar las obligaciones derivadas de la concesión de las subvenciones en el ejercicio correspondiente.
139,"GARCÍA-JALÓN DE LA LAMA, SANTIAGO, ***1378** (Petición n.º 2. UNIVERSIDAD PONTIFICIA DE SALAMANCA, R3700047H)","5,3",EL ARCHIVO DE ACCIÓN CATÓLICA ESPAÑOLA DEPOSITADO EN LA UNIVERSIDAD PONTIFICIA DE SALAMANCA: APOYO A LA CATALOGACIÓN Y DIGITALIZACIÓN DE FONDOS Y CONSTITUCIÓN DE UN CENTRO INVESTIGADOR DE REFERENCIA.,Inexistencia de crédito adecuado y suficiente para financiar las obligaciones derivadas de la concesión de las subvenciones en el ejercicio correspondiente.
140,"MENA MARCOS, JUAN JOSÉ, ***6725** (Petición n.º 73. UNIVERSIDAD DE SALAMANCA, Q3718001E)","5,25",ESTUDIO DE VIABILIDAD Y EFECTIVIDAD DE UNA APP PARA LA MONITORIZACIÓN Y PREVENCIÓN DEL SUICIDIO EN PERSONAS DE RIESGO POR PROBLEMAS EMOCIONALES ASOCIADOS AL ESTRÉS AMBIENTAL.,Inexistencia de crédito adecuado y suficiente para financiar las obligaciones derivadas de la concesión de las subvenciones en el ejercicio correspondiente.
141,"MORALES MORGADO, ERLA MARIELA, ***6763** (Petición n.º 68. UNIVERSIDAD DE SALAMANCA, Q3718001E)","5,15","METODOLOGÍAS DIDÁCTICAS INCLUSIVAS, INNOVADORAS Y REFLEXIVAS PARA LA TRANSFERENCIA DEL CONOCIMIENTO A TRAVÉS DE LAS TECNOLOGÍAS DE LA INFORMACIÓN Y COMUNICACIÓN EN CASTILLA Y LEÓN (MEDITA CYL).",Inexistencia de crédito adecuado y suficiente para financiar las obligaciones derivadas de la concesión de las subvenciones en el ejercicio correspondiente.
142,"ARMENTIA MEDINA, ALICIA, ***6011** (Petición n.º 2. UNIVERSIDAD DE VALLADOLID, Q4718001C)","5,15",SISTEMA DE ALERTA DE RIESGO AMBIENTAL Y AUTOEVALUACIÓN COVID-19 MEDIANTE APLICACIÓN APK DE TELEMETRÍA MÓVIL PARA ENFERMOS CON ASMA GRAVE Y ANCIANOS EN CASTILLA Y LEÓN.,Inexistencia de crédito adecuado y suficiente para financiar las obligaciones derivadas de la concesión de las subvenciones en el ejercicio correspondiente.
143,"VELÁZQUEZ SAORNIL, JAVIER, ***0687** (Petición n.º 1. UNIVERSIDAD CATÓLICA DE ÁVILA, R0500336C)","5,13","CONECTIVIDAD DE HÁBITATS RIPARIOS EN LA CUENCA HIDROGRÁFICA DEL DUERO, SITUACIÓN ACTUAL Y ESCENARIOS ANTE EL CAMBIO CLIMÁTICO.",Inexistencia de crédito adecuado y suficiente para financiar las obligaciones derivadas de la concesión de las subvenciones en el ejercicio correspondiente.
144,"SOMARRIBA ARECHAVALA, M.ª NOELIA, ***0192** (Petición n.º 23. UNIVERSIDAD DE VALLADOLID, Q4718001C)","5,1","SALUD, GÉNERO Y HÁBITAT: UNA MIRADA A LA POBLACIÓN MAYOR EN TIEMPOS DE PANDEMIA.",Inexistencia de crédito adecuado y suficiente para financiar las obligaciones derivadas de la concesión de las subvenciones en el ejercicio correspondiente.
145,"IRURTIA MUÑIZ, MARÍA JESÚS, ***4864** (Petición n.º 84. UNIVERSIDAD DE VALLADOLID, Q4718001C)","5,07",NUEVA HERRAMIENTA UNIVERSAL PARA LA EVALUACIÓN DE LA ATENCIÓN CON TECNOLOGÍA DE SEGUIMIENTO OCULAR: VALIDACIÓN TRANSCULTURAL.,Inexistencia de crédito adecuado y suficiente para financiar las obligaciones derivadas de la concesión de las subvenciones en el ejercicio correspondiente.
146,"BERMEJO BERROS, JESÚS, ***4376** (Petición n.º 57. UNIVERSIDAD DE VALLADOLID, Q4718001C)","5,07",LAS NUEVAS TECNOLOGÍAS INTERACTIVAS DIGITALES EN LA PROMOCIÓN TURÍSTICA DE DESTINOS RURALES Y URBANOS EN CASTILLA Y LEÓN (TICYLTUR).,Inexistencia de crédito adecuado y suficiente para financiar las obligaciones derivadas de la concesión de las subvenciones en el ejercicio correspondiente.
147,"PALOP DEL RÍO, BELÉN, ***2167** (Petición n.º 78. UNIVERSIDAD DE VALLADOLID, Q4718001C)","5,06",InveSTEAM: INVESTIGACIÓN EN EDUCACIÓN STEAM Y SU DIDÁCTICA.,Inexistencia de crédito adecuado y suficiente para financiar las obligaciones derivadas de la concesión de las subvenciones en el ejercicio correspondiente.
148,"MARTÍN LLORENTE, ÓSCAR, ***0193** (Petición n.º 22. UNIVERSIDAD DE VALLADOLID, Q4718001C)","5,05",ESTUDIO MEDIANTE ENSAYO DE MINIATURA DE PUNZONADO Y MINICELDA ELECTROQUÍMICA DEL EFECTO LOCALIZADO DE LA SOLDADURA Y DEL MECANIZADO EN LAS PROPIEDADES MECÁNICAS Y FRENTE A CORROSIÓN EN SUPERALEACIONES.,Inexistencia de crédito adecuado y suficiente para financiar las obligaciones derivadas de la concesión de las subvenciones en el ejercicio correspondiente.
149,"JOVÉ SANDOVAL, FÉLIX, ***6024** (Petición n.º 45. UNIVERSIDAD DE VALLADOLID, Q4718001C)","5,05",CLAY3DBUILDING: FABRICACIÓN ADITIVA CON ARCILLA APLICADA A LA CONSTRUCCIÓN.,Inexistencia de crédito adecuado y suficiente para financiar las obligaciones derivadas de la concesión de las subvenciones en el ejercicio correspondiente.
150,"GARZÓN JIMENO, JOSÉ ENRIQUE, ***8039** (Petición n.º 25. UNIVERSIDAD DE LEÓN, Q2432001B)","4,95","INFLUENCIA DE LA DOSIS DE ENCALADO EN EL ESTADO NUTRICIONAL DE LAS VIDES, LA CALIDAD DE LOS MOSTOS Y LA POBLACIÓN MICROBIANA DE LOS SUELOS VITÍCOLAS ÁCIDOS DE LAS D. O. RUEDA Y BIERZO.",Inexistencia de crédito adecuado y suficiente para financiar las obligaciones derivadas de la concesión de las subvenciones en el ejercicio correspondiente.
151,"GARCÍA DOMINGO, MÓNICA, ***4668** (Petición n.º 32. UNIVERSIDAD DE SALAMANCA, Q3718001E)","4,94",REPERCUSIONES TERAPÉUTICAS DE LA MODULACIÓN FARMACOLÓGICA DEL RECEPTOR 5-HT2 EN LAS ALTERACIONES CARDIOVASCULARES ASOCIADAS A LA DIABETES MELLITUS TIPO 1.,Inexistencia de crédito adecuado y suficiente para financiar las obligaciones derivadas de la concesión de las subvenciones en el ejercicio correspondiente.
152,"LARA PALMA, ANA MARÍA, ***5671** (Petición n.º 2. UNIVERSIDAD DE BURGOS, Q0968272E)","4,78",ENSAYO CLÍNICO PARA MEJORAR LA SALUD EMOCIONAL Y CALIDAD DEL SUEÑO EN ADOLESCENTES CON TDAH MEDIANTE LA APLICACIÓN DE SERIOUS GAMES.,Inexistencia de crédito adecuado y suficiente para financiar las obligaciones derivadas de la concesión de las subvenciones en el ejercicio correspondiente.
153,"CELMA VALERO, MARÍA PILAR, ***5387** (Petición n.º 4. UNIVERSIDAD DE VALLADOLID, Q4718001C)","4,71",DESARROLLO DE RECURSOS (LITERARIOS Y LINGÜÍSTICOS) PARA EL ANÁLISIS ASISTIDO POR ORDENADOR DE TEXTOS EN ESPAÑOL: RETOS Y APLICABILIDAD (DRATE).,Inexistencia de crédito adecuado y suficiente para financiar las obligaciones derivadas de la concesión de las subvenciones en el ejercicio correspondiente.
154,"GARCÍA ARMESTO, MARÍA DEL ROSARIO, ***3305** (Petición n.º 34. UNIVERSIDAD DE LEÓN, Q2432001B)","4,43",INFLUENCIA DEL BINOMIO RAZA/MANEJO EN LA DINÁMICA DE LA DIVERSIDAD MICROBIANA EN QUESO CASTELLANO ELABORADO CON LECHE CRUDA DE OVEJA Y CARACTERIZACIÓN DEL POTENCIAL PROBIÓTICO.,Inexistencia de crédito adecuado y suficiente para financiar las obligaciones derivadas de la concesión de las subvenciones en el ejercicio correspondiente.
155,"GONZÁLEZ BERNAL, JERÓNIMO, ***3787** (Petición n.º 29. UNIVERSIDAD DE BURGOS, Q0968272E)","4,35",NEUROMODULACIÓN EN PACIENTES AFECTOS DE ICTUS ISQUÉMICO MEDIANTE ESTIMULACIÓN MAGNÉTICA TRANSCRANEAL REPETITIVA.,Inexistencia de crédito adecuado y suficiente para financiar las obligaciones derivadas de la concesión de las subvenciones en el ejercicio correspondiente.
156,"COSTA PÉREZ, CARLOS, ***4910** (Petición n.º 23. UNIVERSIDAD DE SALAMANCA, Q3718001E)","4,23",MODELIZACIÓN DINÁMICA EN LA BIODEGRADACIÓN Y FLOCULACIÓN DE LIXIVIADOS DE CTRS.,Inexistencia de crédito adecuado y suficiente para financiar las obligaciones derivadas de la concesión de las subvenciones en el ejercicio correspondiente.
157,"PÉREZ DELGADO, MARÍA LUISA, ***5827** (Petición n.º 47. UNIVERSIDAD DE SALAMANCA, Q3718001E)","4,05","LA INCIDENCIA DE LA BRECHA DIGITAL EN LA EDUCACIÓN, EVIDENCIADA POR LA CRISIS SANITARIA GENERADA POR LA COVID-19: SITUACIÓN ACTUAL, PROPUESTA DE MEJORAS NECESARIAS E IMPLEMENTACIÓN DE LAS MISMAS.",Inexistencia de crédito adecuado y suficiente para financiar las obligaciones derivadas de la concesión de las subvenciones en el ejercicio correspondiente.
158,"PÉREZ FERNÁNDEZ, MIGUEL, ***3439** (Petición n.º 37. UNIVERSIDAD DE SALAMANCA, Q3718001E)","3,66",EVALUACIÓN Y ANÁLISIS DE LAS VÍCTIMAS DE VIOLENCIA DE GÉNERO: CONSECUENCIAS DEL CONFINAMIENTO POR EL COVID-19.,Inexistencia de crédito adecuado y suficiente para financiar las obligaciones derivadas de la concesión de las subvenciones en el ejercicio correspondiente.
159,"FERNÁNDEZ FERNÁNDEZ, JAIME, ***2874** (Petición n.º 28. UNIVERSIDAD DE LEÓN, Q2432001B)","3,48","DEPORTE DE RAQUETA Y GÉNERO: MADURACIÓN, CONDICIÓN FÍSICA Y SU RELACIÓN CON LAS LESIONES DEPORTIVAS.",Inexistencia de crédito adecuado y suficiente para financiar las obligaciones derivadas de la concesión de las subvenciones en el ejercicio correspondiente.
160,"GARCÍA OVEJERO, RAÚL, ***1240** (Petición n.º 35. UNIVERSIDAD DE SALAMANCA, Q3718001E)","3,25",USO EFICIENTE DE LA ENERGÍA EN LA EDIFICACIÓN -USEFENED-.,Inexistencia de crédito adecuado y suficiente para financiar las obligaciones derivadas de la concesión de las subvenciones en el ejercicio correspondiente.
161,"SANZ JUSTO, MARÍA JULIA, ***5547** (Petición n.º 50. UNIVERSIDAD DE VALLADOLID, Q4718001C)","3,07",DESARROLLO DE MODELOS PREDICTIVOS E INFERENCIALES CON DATOS HIPERESPECTRALES EN PATATA UTILIZANDO TÉCNICAS DE MACHINE LEARNING.,Inexistencia de crédito adecuado y suficiente para financiar las obligaciones derivadas de la concesión de las subvenciones en el ejercicio correspondiente.
162,"CALDERÓN MONGE, MARÍA ESTHER, ***2447** (Petición n.º 6. UNIVERSIDAD DE BURGOS, Q0968272E)",,CONSUMO DE VINO Y ENOTURISMO EN CASTILLA Y LEÓN: UN ANÁLISIS DE LAS EMOCIONES DE LOS COMPRADORES Y SU INFLUENCIA EN SU DECISIÓN DE COMPRA.,Apartado tercero.2.b)1.º El grupo de investigación no cumple el requisito de tener un mínimo de 2 doctores vinculados a la universidad solicitante como funcionarios o contratados laborales fijos.
163,"VICENTE MANZANARES, MIGUEL, ***2820** (Petición n.º 5 del IBMCC, CSIC, Q2818002D)",,EFECTO DE LA INHIBICIÓN FARMACOLÓGICA DE LOS MICROTÚBULOS EN LA CAPACIDAD METASTÁSICA DEL MELANOMA RESIDUAL A TRAVÉS DEL EJE DE SEÑALIZACIÓN RHOA-ROCK-MIOSINA II NO MUSCULAR.,"Apartado sexto.5. Desistido. El representante legal del organismo de investigación no presenta la documentación requerida en la fase de subsanación, para esta petición."
164,"GUTIÉRREZ MARTÍN, CÉSAR BERNARDO, ***4965** (Petición n.º 11. UNIVERSIDAD DE LEÓN, Q2432001B)",,PROTEÍNAS DE UNIÓN A TRANSFERRINA B: DESARROLLO DE VACUNAS PARA LA PREVENCIÓN DE LA ENFERMEDAD DE GLÄSSER MEDIANTE LA INDUCCIÓN DE INMUNIDAD DE MUCOSAS.,"Renuncia. El representante legal de la entidad solicitante, con firma del investigador principal del proyecto, presentan la renuncia a la peticion n.º 11."
165,"DÍEZ GUTIÉRREZ, ENRIQUE JAVIER ***3647** (Petición n.º 24. UNIVERSIDAD DE LEÓN, Q2432001B)",,IMAGINA RURAL: IMAGINARIO COLECTIVO SOBRE EL VALOR DEL ENTORNO RURAL QUE CONSTRUYE LA ESCUELA.,Apartado tercero.2.b)1.º El grupo de investigación no cumple el requisito de tener un mínimo de 2 doctores vinculados a la universidad solicitante como funcionarios o contratados laborales fijos.
