Referencia,Petición,Puntuación,Finalidad,"Cantidad
total",2021.,2022.,2023.
CSI146P20,"PANDIELLA
ALONSO, ATANASIO,
***2934** (Petición
n.º 4 del IBMCC.
CSIC, Q2818002D)","9,21","TERAPIA DE TUMORES
HER2 POSITIVOS.","264.000,00","116.000,00","116.000,00","32.000,00"
CSI141P20,"BALSINDE
RODRÍGUEZ,
JESÚS, ***9329**
(Petición n.º 1
del IBGM. CSIC,
Q2818002D)","9,15","REGULACIÓN DE
LA ACTIVIDAD DEL
INFLAMASOMA
POR LÍPIDOS ANTI-
INFLAMATORIOS.","264.000,00","116.000,00","116.000,00","32.000,00"
BU058P20,"APARICIO
MARTÍNEZ,
SANTIAGO,
***4767** (Petición
n.º 19.
UNIVERSIDAD
DE BURGOS,
Q0968272E)","9,14","NANOCOMP:
DEVELOPMENT OF SAFE
BY DESIGN TOOLS AND
RECOMMENDATIONS FOR
COMPLEX NANOMATERIAL
FORMULATIONS.","264.000,00","116.000,00","116.000,00","32.000,00"
LE013P20,"FERNÁNDEZ
DOMÍNGUEZ, JUAN
JOSÉ, ***4301**
(Petición n.º 14.
UNIVERSIDAD DE
LEÓN, Q2432001B)","9,1","LA PRESTACIÓN DE
SERVICIOS SOCIO-
SANITARIOS EN EL
ÁMBITO RURAL DE
CASTILLA Y LEÓN:
APOSTANDO POR UN
BIENESTAR INTEGRAL.","80.000,00","26.500,00","26.500,00","27.000,00"
BU050P20,"SANZ DIEZ, MARÍA
TERESA, ***5154**
(Petición n.º 7.
UNIVERSIDAD
DE BURGOS,
Q0968272E)","9,08","VALORIZACIÓN DE LA
FRACCIÓN PROTEICA
DE SUBPRODUCTOS
DE LA INDUSTRIA
AGROALIMENTARIA
DE CASTILLA Y LEÓN
MEDIANTE TECNOLOGÍAS
DE FLUIDOS
PRESURIZADOS.","264.000,00","116.000,00","116.000,00","32.000,00"
VA244P20,"ALONSO
HERNÁNDEZ, JOSÉ
LUIS, ***9130**
(Petición n.º 87.
UNIVERSIDAD
DE VALLADOLID,
Q4718001C)","9,01","LASER ABLATION
SPECTROSCOPIC
TECHNIQUES: FROM
BUILDING BLOCKS
AND SWEETENERS
TO INTERSTELLAR
MOLECULES.","172.000,00","71.000,00","71.000,00","30.000,00"
VA224P20,"ALBÉNIZ JIMÉNEZ,
ANA CARMEN,
***7887** (Petición
n.º 67.
UNIVERSIDAD
DE VALLADOLID,
Q4718001C)",9,"DESARROLLO DE
MATERIALES Y
METODOLOGÍA PARA UNA
CATÁLISIS SOSTENIBLE
Y DE SISTEMAS CON
PROPIEDADES FÍSICAS
MEJORADAS.","264.000,00","116.000,00","116.000,00","32.000,00"
